"","Date","HomeTeam","HS","AwayTeam","AS"
"1",17-08-18,"Leganes",16,"Alaves",6
"2",17-08-18,"Valencia",22,"Las Palmas",5
"3",17-08-19,"Celta",16,"Sociedad",13
"4",17-08-19,"Girona",13,"Ath Madrid",9
"5",17-08-19,"Sevilla",9,"Espanol",9
"6",17-08-20,"Ath Bilbao",12,"Getafe",8
"7",17-08-20,"Barcelona",15,"Betis",3
"8",17-08-20,"La Coruna",12,"Real Madrid",16
"9",17-08-21,"Levante",14,"Villarreal",9
"10",17-08-21,"Malaga",10,"Eibar",13
"11",17-08-25,"Betis",10,"Celta",9
"12",17-08-25,"Sociedad",15,"Villarreal",6
"13",17-08-26,"Alaves",11,"Barcelona",23
"14",17-08-26,"Girona",15,"Malaga",7
"15",17-08-26,"Las Palmas",10,"Ath Madrid",8
"16",17-08-26,"Levante",24,"La Coruna",11
"17",17-08-27,"Eibar",14,"Ath Bilbao",10
"18",17-08-27,"Espanol",17,"Leganes",12
"19",17-08-27,"Getafe",15,"Sevilla",6
"20",17-08-27,"Real Madrid",22,"Valencia",7
"21",17-09-08,"Leganes",11,"Getafe",11
"22",17-09-09,"Barcelona",20,"Espanol",9
"23",17-09-09,"Real Madrid",18,"Levante",5
"24",17-09-09,"Sevilla",12,"Eibar",7
"25",17-09-09,"Valencia",11,"Ath Madrid",13
"26",17-09-10,"Ath Bilbao",7,"Girona",11
"27",17-09-10,"Celta",20,"Alaves",5
"28",17-09-10,"La Coruna",11,"Sociedad",15
"29",17-09-10,"Villarreal",14,"Betis",8
"30",17-09-11,"Malaga",14,"Las Palmas",10
"31",17-09-15,"Eibar",10,"Leganes",5
"32",17-09-16,"Ath Madrid",17,"Malaga",9
"33",17-09-16,"Betis",17,"La Coruna",11
"34",17-09-16,"Getafe",13,"Barcelona",7
"35",17-09-16,"Levante",9,"Valencia",13
"36",17-09-17,"Alaves",16,"Villarreal",16
"37",17-09-17,"Girona",13,"Sevilla",13
"38",17-09-17,"Las Palmas",12,"Ath Bilbao",11
"39",17-09-17,"Sociedad",10,"Real Madrid",18
"40",17-09-18,"Espanol",9,"Celta",11
"41",17-09-19,"Barcelona",11,"Eibar",13
"42",17-09-19,"Valencia",16,"Malaga",11
"43",17-09-20,"Ath Bilbao",12,"Ath Madrid",16
"44",17-09-20,"La Coruna",15,"Alaves",8
"45",17-09-20,"Leganes",12,"Girona",10
"46",17-09-20,"Real Madrid",27,"Betis",12
"47",17-09-20,"Sevilla",14,"Las Palmas",6
"48",17-09-21,"Celta",8,"Getafe",10
"49",17-09-21,"Levante",13,"Sociedad",13
"50",17-09-21,"Villarreal",14,"Espanol",10
"51",17-09-23,"Alaves",8,"Real Madrid",21
"52",17-09-23,"Ath Madrid",13,"Sevilla",11
"53",17-09-23,"Girona",13,"Barcelona",9
"54",17-09-23,"Malaga",15,"Ath Bilbao",8
"55",17-09-24,"Eibar",9,"Celta",10
"56",17-09-24,"Espanol",17,"La Coruna",21
"57",17-09-24,"Getafe",17,"Villarreal",6
"58",17-09-24,"Las Palmas",8,"Leganes",9
"59",17-09-24,"Sociedad",18,"Valencia",13
"60",17-09-25,"Betis",14,"Levante",8
"61",17-09-29,"Celta",16,"Girona",10
"62",17-09-30,"La Coruna",15,"Getafe",10
"63",17-09-30,"Leganes",7,"Ath Madrid",11
"64",17-09-30,"Levante",13,"Alaves",8
"65",17-09-30,"Sevilla",12,"Malaga",11
"66",17-10-01,"Barcelona",22,"Las Palmas",10
"67",17-10-01,"Real Madrid",22,"Espanol",8
"68",17-10-01,"Sociedad",17,"Betis",10
"69",17-10-01,"Valencia",10,"Ath Bilbao",16
"70",17-10-01,"Villarreal",12,"Eibar",8
"71",17-10-13,"Espanol",20,"Levante",13
"72",17-10-14,"Alaves",8,"Sociedad",13
"73",17-10-14,"Ath Bilbao",15,"Sevilla",14
"74",17-10-14,"Ath Madrid",5,"Barcelona",15
"75",17-10-14,"Getafe",8,"Real Madrid",16
"76",17-10-15,"Betis",13,"Valencia",13
"77",17-10-15,"Eibar",15,"La Coruna",11
"78",17-10-15,"Girona",14,"Villarreal",5
"79",17-10-15,"Malaga",13,"Leganes",19
"80",17-10-16,"Las Palmas",24,"Celta",14
"81",17-10-21,"Barcelona",12,"Malaga",13
"82",17-10-21,"Betis",12,"Alaves",7
"83",17-10-21,"Levante",5,"Getafe",9
"84",17-10-21,"Valencia",18,"Sevilla",18
"85",17-10-22,"Celta",19,"Ath Madrid",4
"86",17-10-22,"Leganes",15,"Ath Bilbao",7
"87",17-10-22,"Real Madrid",15,"Eibar",9
"88",17-10-22,"Villarreal",25,"Las Palmas",16
"89",17-10-23,"La Coruna",15,"Girona",13
"90",17-10-23,"Sociedad",19,"Espanol",4
"91",17-10-28,"Alaves",16,"Valencia",7
"92",17-10-28,"Ath Bilbao",17,"Barcelona",17
"93",17-10-28,"Ath Madrid",18,"Villarreal",12
"94",17-10-28,"Sevilla",9,"Leganes",10
"95",17-10-29,"Eibar",16,"Levante",3
"96",17-10-29,"Getafe",10,"Sociedad",15
"97",17-10-29,"Girona",15,"Real Madrid",15
"98",17-10-29,"Malaga",15,"Celta",10
"99",17-10-30,"Espanol",10,"Betis",9
"100",17-10-30,"Las Palmas",13,"La Coruna",15
"101",17-11-03,"Betis",15,"Getafe",9
"102",17-11-04,"Alaves",17,"Espanol",9
"103",17-11-04,"Barcelona",18,"Sevilla",8
"104",17-11-04,"La Coruna",14,"Ath Madrid",11
"105",17-11-04,"Valencia",13,"Leganes",13
"106",17-11-05,"Celta",11,"Ath Bilbao",14
"107",17-11-05,"Levante",7,"Girona",10
"108",17-11-05,"Real Madrid",27,"Las Palmas",2
"109",17-11-05,"Sociedad",10,"Eibar",9
"110",17-11-05,"Villarreal",14,"Malaga",10
"111",17-11-17,"Girona",14,"Sociedad",14
"112",17-11-18,"Ath Madrid",7,"Real Madrid",14
"113",17-11-18,"Getafe",13,"Alaves",11
"114",17-11-18,"Leganes",18,"Barcelona",11
"115",17-11-18,"Sevilla",12,"Celta",11
"116",17-11-19,"Ath Bilbao",15,"Villarreal",7
"117",17-11-19,"Espanol",12,"Valencia",7
"118",17-11-19,"Las Palmas",10,"Levante",11
"119",17-11-19,"Malaga",14,"La Coruna",12
"120",17-11-20,"Eibar",17,"Betis",4
"121",17-11-24,"Celta",14,"Leganes",9
"122",17-11-25,"Alaves",6,"Eibar",11
"123",17-11-25,"Betis",12,"Girona",13
"124",17-11-25,"Levante",17,"Ath Madrid",16
"125",17-11-25,"Real Madrid",16,"Malaga",9
"126",17-11-26,"La Coruna",14,"Ath Bilbao",10
"127",17-11-26,"Sociedad",16,"Las Palmas",8
"128",17-11-26,"Valencia",8,"Barcelona",12
"129",17-11-26,"Villarreal",19,"Sevilla",15
"130",17-11-27,"Espanol",10,"Getafe",7
"131",17-12-01,"Malaga",18,"Levante",3
"132",17-12-02,"Ath Bilbao",11,"Real Madrid",19
"133",17-12-02,"Ath Madrid",16,"Sociedad",10
"134",17-12-02,"Barcelona",21,"Celta",10
"135",17-12-02,"Sevilla",10,"La Coruna",11
"136",17-12-03,"Eibar",10,"Espanol",6
"137",17-12-03,"Getafe",11,"Valencia",13
"138",17-12-03,"Las Palmas",21,"Betis",8
"139",17-12-03,"Leganes",12,"Villarreal",12
"140",17-12-04,"Girona",11,"Alaves",9
"141",17-12-08,"Alaves",22,"Las Palmas",6
"142",17-12-09,"Getafe",6,"Eibar",7
"143",17-12-09,"La Coruna",15,"Leganes",3
"144",17-12-09,"Real Madrid",20,"Sevilla",11
"145",17-12-09,"Valencia",13,"Celta",13
"146",17-12-10,"Betis",9,"Ath Madrid",4
"147",17-12-10,"Levante",12,"Ath Bilbao",14
"148",17-12-10,"Sociedad",18,"Malaga",9
"149",17-12-10,"Villarreal",9,"Barcelona",16
"150",17-12-11,"Espanol",8,"Girona",12
"151",17-12-15,"Sevilla",16,"Levante",10
"152",17-12-16,"Ath Bilbao",7,"Sociedad",10
"153",17-12-16,"Ath Madrid",10,"Alaves",11
"154",17-12-16,"Eibar",15,"Valencia",7
"155",17-12-17,"Barcelona",23,"La Coruna",10
"156",17-12-17,"Celta",10,"Villarreal",8
"157",17-12-17,"Girona",9,"Getafe",7
"158",17-12-17,"Las Palmas",14,"Espanol",8
"159",17-12-18,"Malaga",18,"Betis",10
"160",17-12-19,"Levante",10,"Leganes",10
"161",17-12-20,"Getafe",13,"Las Palmas",17
"162",17-12-20,"Sociedad",14,"Sevilla",9
"163",17-12-21,"Alaves",10,"Malaga",10
"164",17-12-21,"Eibar",16,"Girona",6
"165",17-12-22,"Betis",16,"Ath Bilbao",19
"166",17-12-22,"Espanol",7,"Ath Madrid",9
"167",17-12-23,"La Coruna",15,"Celta",7
"168",17-12-23,"Real Madrid",14,"Barcelona",18
"169",17-12-23,"Valencia",22,"Villarreal",9
"170",18-01-06,"Ath Madrid",9,"Getafe",10
"171",18-01-06,"Las Palmas",4,"Eibar",14
"172",18-01-06,"Sevilla",14,"Betis",9
"173",18-01-06,"Valencia",17,"Girona",11
"174",18-01-07,"Ath Bilbao",14,"Alaves",8
"175",18-01-07,"Barcelona",16,"Levante",9
"176",18-01-07,"Celta",10,"Real Madrid",19
"177",18-01-07,"Leganes",8,"Sociedad",9
"178",18-01-07,"Villarreal",11,"La Coruna",13
"179",18-01-08,"Malaga",17,"Espanol",6
"180",18-01-12,"Getafe",7,"Malaga",9
"181",18-01-13,"Eibar",11,"Ath Madrid",7
"182",18-01-13,"Girona",15,"Las Palmas",3
"183",18-01-13,"La Coruna",12,"Valencia",12
"184",18-01-13,"Real Madrid",28,"Villarreal",10
"185",18-01-14,"Alaves",12,"Sevilla",14
"186",18-01-14,"Espanol",11,"Ath Bilbao",8
"187",18-01-14,"Levante",15,"Celta",3
"188",18-01-14,"Sociedad",15,"Barcelona",11
"189",18-01-15,"Betis",16,"Leganes",10
"190",18-01-19,"Getafe",17,"Ath Bilbao",7
"191",18-01-20,"Ath Madrid",9,"Girona",6
"192",18-01-20,"Espanol",9,"Sevilla",12
"193",18-01-20,"Las Palmas",20,"Valencia",14
"194",18-01-20,"Villarreal",18,"Levante",16
"195",18-01-21,"Alaves",14,"Leganes",8
"196",18-01-21,"Betis",7,"Barcelona",14
"197",18-01-21,"Real Madrid",24,"La Coruna",5
"198",18-01-21,"Sociedad",16,"Celta",10
"199",18-01-22,"Eibar",15,"Malaga",10
"200",18-01-26,"Ath Bilbao",7,"Eibar",14
"201",18-01-27,"La Coruna",8,"Levante",15
"202",18-01-27,"Malaga",7,"Girona",11
"203",18-01-27,"Valencia",11,"Real Madrid",13
"204",18-01-27,"Villarreal",11,"Sociedad",24
"205",18-01-28,"Ath Madrid",18,"Las Palmas",9
"206",18-01-28,"Barcelona",18,"Alaves",7
"207",18-01-28,"Leganes",11,"Espanol",12
"208",18-01-28,"Sevilla",15,"Getafe",7
"209",18-01-29,"Celta",13,"Betis",7
"210",18-02-02,"Sociedad",19,"La Coruna",4
"211",18-02-03,"Alaves",9,"Celta",16
"212",18-02-03,"Betis",13,"Villarreal",12
"213",18-02-03,"Eibar",17,"Sevilla",11
"214",18-02-03,"Levante",12,"Real Madrid",23
"215",18-02-04,"Ath Madrid",14,"Valencia",9
"216",18-02-04,"Espanol",7,"Barcelona",12
"217",18-02-04,"Getafe",11,"Leganes",2
"218",18-02-04,"Girona",8,"Ath Bilbao",9
"219",18-02-05,"Las Palmas",11,"Malaga",9
"220",18-02-09,"Ath Bilbao",11,"Las Palmas",8
"221",18-02-10,"Leganes",2,"Eibar",19
"222",18-02-10,"Malaga",13,"Ath Madrid",5
"223",18-02-10,"Real Madrid",18,"Sociedad",8
"224",18-02-10,"Villarreal",27,"Alaves",5
"225",18-02-11,"Barcelona",12,"Getafe",10
"226",18-02-11,"Celta",18,"Espanol",3
"227",18-02-11,"Sevilla",13,"Girona",14
"228",18-02-11,"Valencia",18,"Levante",5
"229",18-02-12,"La Coruna",16,"Betis",10
"230",18-02-16,"Girona",10,"Leganes",10
"231",18-02-17,"Alaves",14,"La Coruna",5
"232",18-02-17,"Eibar",13,"Barcelona",10
"233",18-02-17,"Las Palmas",11,"Sevilla",12
"234",18-02-17,"Malaga",9,"Valencia",10
"235",18-02-18,"Ath Madrid",14,"Ath Bilbao",4
"236",18-02-18,"Betis",20,"Real Madrid",12
"237",18-02-18,"Espanol",15,"Villarreal",8
"238",18-02-18,"Sociedad",13,"Levante",9
"239",18-02-19,"Getafe",9,"Celta",4
"240",18-02-21,"Leganes",7,"Real Madrid",13
"241",18-02-23,"La Coruna",17,"Espanol",9
"242",18-02-24,"Barcelona",21,"Girona",10
"243",18-02-24,"Celta",8,"Eibar",15
"244",18-02-24,"Leganes",11,"Las Palmas",4
"245",18-02-24,"Real Madrid",25,"Alaves",11
"246",18-02-25,"Ath Bilbao",8,"Malaga",8
"247",18-02-25,"Sevilla",10,"Ath Madrid",13
"248",18-02-25,"Valencia",7,"Sociedad",9
"249",18-02-25,"Villarreal",10,"Getafe",3
"250",18-02-26,"Levante",12,"Betis",15
"251",18-02-27,"Espanol",16,"Real Madrid",12
"252",18-02-27,"Girona",11,"Celta",10
"253",18-02-28,"Ath Bilbao",11,"Valencia",6
"254",18-02-28,"Ath Madrid",15,"Leganes",9
"255",18-02-28,"Eibar",13,"Villarreal",11
"256",18-02-28,"Getafe",14,"La Coruna",9
"257",18-02-28,"Malaga",8,"Sevilla",6
"258",18-03-01,"Alaves",15,"Levante",6
"259",18-03-01,"Betis",8,"Sociedad",13
"260",18-03-01,"Las Palmas",12,"Barcelona",10
"261",18-03-03,"La Coruna",7,"Eibar",16
"262",18-03-03,"Leganes",10,"Malaga",4
"263",18-03-03,"Real Madrid",14,"Getafe",4
"264",18-03-03,"Sevilla",18,"Ath Bilbao",10
"265",18-03-03,"Villarreal",14,"Girona",4
"266",18-03-04,"Barcelona",16,"Ath Madrid",6
"267",18-03-04,"Levante",13,"Espanol",15
"268",18-03-04,"Sociedad",14,"Alaves",3
"269",18-03-04,"Valencia",12,"Betis",9
"270",18-03-05,"Celta",14,"Las Palmas",10
"271",18-03-09,"Girona",9,"La Coruna",8
"272",18-03-10,"Eibar",12,"Real Madrid",12
"273",18-03-10,"Getafe",11,"Levante",12
"274",18-03-10,"Malaga",6,"Barcelona",20
"275",18-03-10,"Sevilla",21,"Valencia",10
"276",18-03-11,"Ath Bilbao",13,"Leganes",12
"277",18-03-11,"Ath Madrid",7,"Celta",8
"278",18-03-11,"Espanol",18,"Sociedad",11
"279",18-03-11,"Las Palmas",9,"Villarreal",11
"280",18-03-12,"Alaves",9,"Betis",10
"281",18-03-16,"Levante",6,"Eibar",13
"282",18-03-17,"Betis",9,"Espanol",4
"283",18-03-17,"La Coruna",13,"Las Palmas",8
"284",18-03-17,"Sociedad",8,"Getafe",9
"285",18-03-17,"Valencia",24,"Alaves",16
"286",18-03-18,"Barcelona",18,"Ath Bilbao",10
"287",18-03-18,"Celta",9,"Malaga",5
"288",18-03-18,"Leganes",12,"Sevilla",10
"289",18-03-18,"Real Madrid",20,"Girona",10
"290",18-03-18,"Villarreal",17,"Ath Madrid",8
"291",18-03-31,"Ath Bilbao",11,"Celta",13
"292",18-03-31,"Girona",12,"Levante",15
"293",18-03-31,"Las Palmas",17,"Real Madrid",17
"294",18-03-31,"Sevilla",21,"Barcelona",20
"295",18-04-01,"Ath Madrid",15,"La Coruna",10
"296",18-04-01,"Eibar",15,"Sociedad",7
"297",18-04-01,"Espanol",12,"Alaves",13
"298",18-04-01,"Leganes",8,"Valencia",3
"299",18-04-01,"Malaga",13,"Villarreal",11
"300",18-04-02,"Getafe",8,"Betis",7
"301",18-04-06,"La Coruna",14,"Malaga",11
"302",18-04-07,"Alaves",11,"Getafe",5
"303",18-04-07,"Barcelona",12,"Leganes",11
"304",18-04-07,"Betis",13,"Eibar",5
"305",18-04-07,"Celta",12,"Sevilla",16
"306",18-04-08,"Levante",11,"Las Palmas",17
"307",18-04-08,"Real Madrid",30,"Ath Madrid",9
"308",18-04-08,"Sociedad",13,"Girona",8
"309",18-04-08,"Valencia",14,"Espanol",21
"310",18-04-09,"Villarreal",7,"Ath Bilbao",17
"311",18-04-13,"Girona",9,"Betis",10
"312",18-04-14,"Ath Bilbao",13,"La Coruna",5
"313",18-04-14,"Barcelona",12,"Valencia",17
"314",18-04-14,"Las Palmas",7,"Sociedad",20
"315",18-04-14,"Leganes",19,"Celta",5
"316",18-04-14,"Sevilla",18,"Villarreal",7
"317",18-04-15,"Ath Madrid",13,"Levante",11
"318",18-04-15,"Eibar",21,"Alaves",2
"319",18-04-15,"Getafe",13,"Espanol",5
"320",18-04-15,"Malaga",13,"Real Madrid",16
"321",18-04-17,"Celta",18,"Barcelona",14
"322",18-04-17,"La Coruna",22,"Sevilla",24
"323",18-04-17,"Villarreal",17,"Leganes",6
"324",18-04-18,"Espanol",10,"Eibar",5
"325",18-04-18,"Real Madrid",29,"Ath Bilbao",6
"326",18-04-18,"Valencia",10,"Getafe",8
"327",18-04-19,"Alaves",11,"Girona",14
"328",18-04-19,"Betis",17,"Las Palmas",1
"329",18-04-19,"Levante",11,"Malaga",10
"330",18-04-19,"Sociedad",12,"Ath Madrid",9
"331",18-04-20,"Leganes",13,"La Coruna",12
"332",18-04-21,"Celta",10,"Valencia",17
"333",18-04-21,"Eibar",12,"Getafe",7
"334",18-04-22,"Ath Madrid",10,"Betis",10
"335",18-04-22,"Girona",20,"Espanol",5
"336",18-04-22,"Las Palmas",12,"Alaves",10
"337",18-04-22,"Malaga",4,"Sociedad",14
"338",18-04-23,"Ath Bilbao",18,"Levante",11
"339",18-04-27,"Levante",15,"Sevilla",22
"340",18-04-28,"Espanol",16,"Las Palmas",13
"341",18-04-28,"Real Madrid",12,"Leganes",16
"342",18-04-28,"Sociedad",17,"Ath Bilbao",9
"343",18-04-28,"Villarreal",13,"Celta",15
"344",18-04-29,"Alaves",7,"Ath Madrid",14
"345",18-04-29,"Getafe",10,"Girona",15
"346",18-04-29,"La Coruna",17,"Barcelona",21
"347",18-04-29,"Valencia",16,"Eibar",8
"348",18-04-30,"Betis",12,"Malaga",9
"349",18-05-04,"Sevilla",16,"Sociedad",11
"350",18-05-05,"Ath Bilbao",14,"Betis",6
"351",18-05-05,"Celta",13,"La Coruna",11
"352",18-05-05,"Girona",16,"Eibar",15
"353",18-05-05,"Villarreal",13,"Valencia",6
"354",18-05-06,"Ath Madrid",9,"Espanol",14
"355",18-05-06,"Barcelona",11,"Real Madrid",17
"356",18-05-06,"Las Palmas",21,"Getafe",8
"357",18-05-06,"Malaga",16,"Alaves",13
"358",18-05-07,"Leganes",13,"Levante",10
"359",18-05-09,"Barcelona",12,"Villarreal",20
"360",18-05-09,"Sevilla",14,"Real Madrid",14
"361",18-05-12,"Alaves",4,"Ath Bilbao",13
"362",18-05-12,"Betis",9,"Sevilla",13
"363",18-05-12,"Eibar",10,"Las Palmas",8
"364",18-05-12,"Getafe",11,"Ath Madrid",5
"365",18-05-12,"Girona",16,"Valencia",10
"366",18-05-12,"La Coruna",16,"Villarreal",11
"367",18-05-12,"Real Madrid",15,"Celta",5
"368",18-05-12,"Sociedad",11,"Leganes",9
"369",18-05-13,"Espanol",19,"Malaga",9
"370",18-05-13,"Levante",12,"Barcelona",18
"371",18-05-19,"Celta",20,"Levante",7
"372",18-05-19,"Las Palmas",13,"Girona",12
"373",18-05-19,"Leganes",8,"Betis",16
"374",18-05-19,"Malaga",6,"Getafe",11
"375",18-05-19,"Sevilla",20,"Alaves",10
"376",18-05-19,"Villarreal",14,"Real Madrid",15
"377",18-05-20,"Ath Bilbao",12,"Espanol",11
"378",18-05-20,"Ath Madrid",8,"Eibar",14
"379",18-05-20,"Barcelona",12,"Sociedad",13
"380",18-05-20,"Valencia",22,"La Coruna",12
"381",2018-08-17,"Betis",22,"Levante",6
"382",2018-08-17,"Girona",13,"Valladolid",2
"383",2018-08-18,"Barcelona",25,"Alaves",3
"384",2018-08-18,"Celta",12,"Espanol",14
"385",2018-08-18,"Villarreal",16,"Sociedad",8
"386",2018-08-19,"Eibar",18,"Huesca",8
"387",2018-08-19,"Real Madrid",10,"Getafe",4
"388",2018-08-19,"Vallecano",13,"Sevilla",17
"389",2018-08-20,"Ath Bilbao",17,"Leganes",12
"390",2018-08-20,"Valencia",13,"Ath Madrid",9
"391",2018-08-24,"Getafe",7,"Eibar",9
"392",2018-08-24,"Leganes",18,"Sociedad",7
"393",2018-08-25,"Alaves",16,"Betis",13
"394",2018-08-25,"Ath Madrid",9,"Vallecano",13
"395",2018-08-25,"Valladolid",7,"Barcelona",10
"396",2018-08-26,"Espanol",19,"Valencia",16
"397",2018-08-26,"Girona",10,"Real Madrid",20
"398",2018-08-26,"Sevilla",19,"Villarreal",14
"399",2018-08-27,"Ath Bilbao",14,"Huesca",9
"400",2018-08-27,"Levante",15,"Celta",21
"401",2018-08-31,"Eibar",8,"Sociedad",7
"402",2018-08-31,"Getafe",12,"Valladolid",7
"403",2018-08-31,"Villarreal",13,"Girona",14
"404",2018-09-01,"Celta",10,"Ath Madrid",9
"405",2018-09-01,"Real Madrid",17,"Leganes",8
"406",2018-09-02,"Alaves",8,"Espanol",11
"407",2018-09-02,"Barcelona",31,"Huesca",7
"408",2018-09-02,"Betis",11,"Sevilla",8
"409",2018-09-02,"Levante",13,"Valencia",18
"410",2018-09-14,"Huesca",14,"Vallecano",14
"411",2018-09-15,"Ath Bilbao",11,"Real Madrid",16
"412",2018-09-15,"Ath Madrid",18,"Eibar",12
"413",2018-09-15,"Sociedad",8,"Barcelona",12
"414",2018-09-15,"Valencia",12,"Betis",11
"415",2018-09-16,"Espanol",22,"Levante",16
"416",2018-09-16,"Leganes",16,"Villarreal",9
"417",2018-09-16,"Sevilla",15,"Getafe",10
"418",2018-09-16,"Valladolid",15,"Alaves",10
"419",2018-09-17,"Girona",11,"Celta",20
"420",2018-09-21,"Huesca",13,"Sociedad",7
"421",2018-09-22,"Celta",12,"Valladolid",14
"422",2018-09-22,"Eibar",14,"Leganes",4
"423",2018-09-22,"Getafe",11,"Ath Madrid",7
"424",2018-09-22,"Real Madrid",19,"Espanol",10
"425",2018-09-22,"Vallecano",13,"Alaves",11
"426",2018-09-23,"Barcelona",22,"Girona",7
"427",2018-09-23,"Betis",15,"Ath Bilbao",7
"428",2018-09-23,"Levante",19,"Sevilla",20
"429",2018-09-23,"Villarreal",11,"Valencia",12
"430",2018-09-25,"Ath Madrid",17,"Huesca",8
"431",2018-09-25,"Espanol",9,"Eibar",8
"432",2018-09-25,"Sociedad",16,"Vallecano",11
"433",2018-09-26,"Ath Bilbao",12,"Villarreal",19
"434",2018-09-26,"Leganes",10,"Barcelona",9
"435",2018-09-26,"Sevilla",16,"Real Madrid",21
"436",2018-09-26,"Valencia",14,"Celta",9
"437",2018-09-27,"Alaves",15,"Getafe",13
"438",2018-09-27,"Girona",8,"Betis",14
"439",2018-09-27,"Valladolid",20,"Levante",9
"440",2018-09-28,"Vallecano",11,"Espanol",12
"441",2018-09-29,"Barcelona",20,"Ath Bilbao",8
"442",2018-09-29,"Eibar",15,"Sevilla",7
"443",2018-09-29,"Real Madrid",15,"Ath Madrid",8
"444",2018-09-29,"Sociedad",10,"Valencia",9
"445",2018-09-30,"Betis",17,"Leganes",11
"446",2018-09-30,"Huesca",13,"Girona",14
"447",2018-09-30,"Levante",14,"Alaves",14
"448",2018-09-30,"Villarreal",27,"Valladolid",9
"449",2018-10-01,"Celta",8,"Getafe",12
"450",2018-10-05,"Ath Bilbao",13,"Sociedad",6
"451",2018-10-06,"Alaves",8,"Real Madrid",13
"452",2018-10-06,"Getafe",15,"Levante",12
"453",2018-10-06,"Girona",10,"Eibar",12
"454",2018-10-06,"Leganes",13,"Vallecano",6
"455",2018-10-07,"Ath Madrid",13,"Betis",5
"456",2018-10-07,"Espanol",28,"Villarreal",13
"457",2018-10-07,"Sevilla",12,"Celta",13
"458",2018-10-07,"Valencia",10,"Barcelona",10
"459",2018-10-07,"Valladolid",9,"Huesca",11
"460",2018-10-19,"Celta",19,"Alaves",9
"461",2018-10-20,"Barcelona",23,"Sevilla",19
"462",2018-10-20,"Real Madrid",34,"Levante",6
"463",2018-10-20,"Valencia",18,"Leganes",7
"464",2018-10-20,"Villarreal",18,"Ath Madrid",15
"465",2018-10-21,"Betis",20,"Valladolid",6
"466",2018-10-21,"Eibar",18,"Ath Bilbao",6
"467",2018-10-21,"Huesca",10,"Espanol",6
"468",2018-10-21,"Vallecano",10,"Getafe",5
"469",2018-10-22,"Sociedad",14,"Girona",12
"470",2018-10-24,"Vallecano",11,"Ath Bilbao",12
"471",2018-10-26,"Valladolid",15,"Espanol",11
"472",2018-10-27,"Ath Bilbao",13,"Valencia",11
"473",2018-10-27,"Ath Madrid",14,"Sociedad",7
"474",2018-10-27,"Celta",10,"Eibar",17
"475",2018-10-27,"Girona",14,"Vallecano",14
"476",2018-10-27,"Levante",9,"Leganes",21
"477",2018-10-28,"Alaves",19,"Villarreal",9
"478",2018-10-28,"Barcelona",13,"Real Madrid",15
"479",2018-10-28,"Getafe",16,"Betis",7
"480",2018-10-28,"Sevilla",15,"Huesca",11
"481",2018-11-03,"Leganes",8,"Ath Madrid",9
"482",2018-11-03,"Real Madrid",16,"Valladolid",12
"483",2018-11-03,"Valencia",27,"Girona",5
"484",2018-11-03,"Vallecano",11,"Barcelona",9
"485",2018-11-04,"Betis",14,"Celta",14
"486",2018-11-04,"Eibar",23,"Alaves",9
"487",2018-11-04,"Huesca",18,"Getafe",8
"488",2018-11-04,"Sociedad",10,"Sevilla",8
"489",2018-11-04,"Villarreal",23,"Levante",13
"490",2018-11-05,"Espanol",8,"Ath Bilbao",10
"491",2018-11-09,"Levante",17,"Sociedad",15
"492",2018-11-10,"Ath Madrid",9,"Ath Bilbao",6
"493",2018-11-10,"Getafe",17,"Valencia",7
"494",2018-11-10,"Girona",5,"Leganes",10
"495",2018-11-10,"Valladolid",9,"Eibar",16
"496",2018-11-11,"Alaves",13,"Huesca",9
"497",2018-11-11,"Barcelona",20,"Betis",15
"498",2018-11-11,"Celta",15,"Real Madrid",14
"499",2018-11-11,"Sevilla",23,"Espanol",15
"500",2018-11-11,"Vallecano",15,"Villarreal",11
"501",2018-11-23,"Leganes",13,"Alaves",7
"502",2018-11-24,"Ath Madrid",3,"Barcelona",8
"503",2018-11-24,"Eibar",14,"Real Madrid",9
"504",2018-11-24,"Huesca",32,"Levante",5
"505",2018-11-24,"Valencia",13,"Vallecano",13
"506",2018-11-25,"Ath Bilbao",8,"Getafe",15
"507",2018-11-25,"Espanol",18,"Girona",16
"508",2018-11-25,"Sevilla",17,"Valladolid",13
"509",2018-11-25,"Villarreal",13,"Betis",13
"510",2018-11-26,"Sociedad",15,"Celta",6
"511",2018-11-30,"Vallecano",5,"Eibar",13
"512",2018-12-01,"Celta",12,"Huesca",8
"513",2018-12-01,"Getafe",14,"Espanol",8
"514",2018-12-01,"Real Madrid",13,"Valencia",7
"515",2018-12-01,"Valladolid",20,"Leganes",14
"516",2018-12-02,"Alaves",11,"Sevilla",14
"517",2018-12-02,"Barcelona",16,"Villarreal",12
"518",2018-12-02,"Betis",6,"Sociedad",6
"519",2018-12-02,"Girona",13,"Ath Madrid",17
"520",2018-12-03,"Levante",17,"Ath Bilbao",12
"521",2018-12-07,"Leganes",17,"Getafe",6
"522",2018-12-08,"Ath Madrid",12,"Alaves",13
"523",2018-12-08,"Espanol",15,"Barcelona",17
"524",2018-12-08,"Valencia",16,"Sevilla",11
"525",2018-12-08,"Villarreal",13,"Celta",14
"526",2018-12-09,"Betis",8,"Vallecano",12
"527",2018-12-09,"Eibar",32,"Levante",14
"528",2018-12-09,"Huesca",11,"Real Madrid",5
"529",2018-12-09,"Sociedad",23,"Valladolid",10
"530",2018-12-10,"Ath Bilbao",25,"Girona",3
"531",2018-12-14,"Celta",15,"Leganes",5
"532",2018-12-15,"Eibar",18,"Valencia",11
"533",2018-12-15,"Getafe",9,"Sociedad",9
"534",2018-12-15,"Real Madrid",9,"Vallecano",11
"535",2018-12-15,"Valladolid",8,"Ath Madrid",14
"536",2018-12-16,"Espanol",10,"Betis",12
"537",2018-12-16,"Huesca",30,"Villarreal",10
"538",2018-12-16,"Levante",20,"Barcelona",16
"539",2018-12-16,"Sevilla",17,"Girona",8
"540",2018-12-17,"Alaves",11,"Ath Bilbao",6
"541",2018-12-21,"Girona",12,"Getafe",5
"542",2018-12-21,"Sociedad",18,"Alaves",9
"543",2018-12-22,"Ath Bilbao",8,"Valladolid",5
"544",2018-12-22,"Ath Madrid",8,"Espanol",18
"545",2018-12-22,"Barcelona",9,"Celta",11
"546",2018-12-22,"Betis",4,"Eibar",15
"547",2018-12-23,"Leganes",13,"Sevilla",8
"548",2018-12-23,"Valencia",19,"Huesca",11
"549",2018-12-23,"Vallecano",18,"Levante",12
"550",2019-01-03,"Villarreal",12,"Real Madrid",14
"551",2019-01-04,"Espanol",12,"Leganes",10
"552",2019-01-04,"Levante",19,"Girona",9
"553",2019-01-05,"Alaves",14,"Valencia",14
"554",2019-01-05,"Huesca",11,"Betis",7
"555",2019-01-05,"Valladolid",12,"Vallecano",9
"556",2019-01-06,"Eibar",24,"Villarreal",7
"557",2019-01-06,"Getafe",10,"Barcelona",12
"558",2019-01-06,"Real Madrid",28,"Sociedad",12
"559",2019-01-06,"Sevilla",15,"Ath Madrid",12
"560",2019-01-07,"Celta",17,"Ath Bilbao",8
"561",2019-01-11,"Vallecano",11,"Celta",13
"562",2019-01-12,"Girona",9,"Alaves",15
"563",2019-01-12,"Leganes",14,"Huesca",9
"564",2019-01-12,"Valencia",17,"Valladolid",6
"565",2019-01-12,"Villarreal",17,"Getafe",9
"566",2019-01-13,"Ath Bilbao",10,"Sevilla",10
"567",2019-01-13,"Ath Madrid",19,"Levante",7
"568",2019-01-13,"Barcelona",7,"Eibar",15
"569",2019-01-13,"Betis",9,"Real Madrid",14
"570",2019-01-14,"Sociedad",9,"Espanol",21
"571",2019-01-18,"Getafe",12,"Alaves",6
"572",2019-01-19,"Celta",12,"Valencia",13
"573",2019-01-19,"Huesca",14,"Ath Madrid",15
"574",2019-01-19,"Real Madrid",23,"Sevilla",4
"575",2019-01-20,"Barcelona",15,"Leganes",5
"576",2019-01-20,"Betis",12,"Girona",8
"577",2019-01-20,"Levante",13,"Valladolid",13
"578",2019-01-20,"Vallecano",11,"Sociedad",10
"579",2019-01-20,"Villarreal",3,"Ath Bilbao",9
"580",2019-01-21,"Eibar",16,"Espanol",6
"581",2019-01-26,"Ath Madrid",10,"Getafe",6
"582",2019-01-26,"Leganes",9,"Eibar",5
"583",2019-01-26,"Sevilla",23,"Levante",7
"584",2019-01-26,"Valencia",18,"Villarreal",14
"585",2019-01-27,"Ath Bilbao",11,"Betis",8
"586",2019-01-27,"Espanol",13,"Real Madrid",16
"587",2019-01-27,"Girona",13,"Barcelona",15
"588",2019-01-27,"Sociedad",8,"Huesca",8
"589",2019-01-27,"Valladolid",19,"Celta",8
"590",2019-01-28,"Alaves",16,"Vallecano",14
"591",2019-02-01,"Huesca",11,"Valladolid",9
"592",2019-02-02,"Barcelona",20,"Valencia",14
"593",2019-02-02,"Celta",10,"Sevilla",13
"594",2019-02-02,"Levante",8,"Getafe",9
"595",2019-02-02,"Sociedad",6,"Ath Bilbao",8
"596",2019-02-03,"Betis",7,"Ath Madrid",13
"597",2019-02-03,"Eibar",17,"Girona",6
"598",2019-02-03,"Real Madrid",22,"Alaves",8
"599",2019-02-03,"Villarreal",14,"Espanol",17
"600",2019-02-04,"Vallecano",15,"Leganes",13
"601",2019-02-08,"Valladolid",9,"Villarreal",7
"602",2019-02-09,"Ath Madrid",11,"Real Madrid",11
"603",2019-02-09,"Espanol",15,"Vallecano",9
"604",2019-02-09,"Getafe",12,"Celta",13
"605",2019-02-09,"Girona",13,"Huesca",6
"606",2019-02-10,"Ath Bilbao",13,"Barcelona",10
"607",2019-02-10,"Leganes",16,"Betis",3
"608",2019-02-10,"Sevilla",13,"Eibar",8
"609",2019-02-10,"Valencia",10,"Sociedad",8
"610",2019-02-11,"Alaves",16,"Levante",8
"611",2019-02-15,"Eibar",11,"Getafe",7
"612",2019-02-16,"Barcelona",20,"Valladolid",10
"613",2019-02-16,"Celta",14,"Levante",14
"614",2019-02-16,"Sociedad",15,"Leganes",8
"615",2019-02-16,"Vallecano",12,"Ath Madrid",4
"616",2019-02-17,"Betis",19,"Alaves",6
"617",2019-02-17,"Real Madrid",19,"Girona",14
"618",2019-02-17,"Valencia",21,"Espanol",6
"619",2019-02-17,"Villarreal",12,"Sevilla",21
"620",2019-02-18,"Huesca",12,"Ath Bilbao",9
"621",2019-02-22,"Espanol",13,"Huesca",13
"622",2019-02-23,"Alaves",17,"Celta",8
"623",2019-02-23,"Ath Bilbao",9,"Eibar",7
"624",2019-02-23,"Getafe",11,"Vallecano",7
"625",2019-02-23,"Sevilla",13,"Barcelona",17
"626",2019-02-24,"Ath Madrid",15,"Villarreal",14
"627",2019-02-24,"Leganes",17,"Valencia",6
"628",2019-02-24,"Levante",11,"Real Madrid",19
"629",2019-02-24,"Valladolid",10,"Betis",6
"630",2019-02-25,"Girona",10,"Sociedad",7
"631",2019-03-01,"Vallecano",9,"Girona",12
"632",2019-03-02,"Espanol",15,"Valladolid",14
"633",2019-03-02,"Huesca",7,"Sevilla",12
"634",2019-03-02,"Real Madrid",17,"Barcelona",10
"635",2019-03-02,"Villarreal",9,"Alaves",10
"636",2019-03-03,"Betis",6,"Getafe",11
"637",2019-03-03,"Eibar",15,"Celta",3
"638",2019-03-03,"Sociedad",19,"Ath Madrid",8
"639",2019-03-03,"Valencia",11,"Ath Bilbao",4
"640",2019-03-04,"Leganes",14,"Levante",15
"641",2019-03-08,"Ath Bilbao",15,"Espanol",5
"642",2019-03-09,"Alaves",16,"Eibar",20
"643",2019-03-09,"Ath Madrid",13,"Leganes",3
"644",2019-03-09,"Barcelona",12,"Vallecano",8
"645",2019-03-09,"Getafe",14,"Huesca",8
"646",2019-03-10,"Celta",7,"Betis",14
"647",2019-03-10,"Girona",18,"Valencia",11
"648",2019-03-10,"Levante",11,"Villarreal",13
"649",2019-03-10,"Sevilla",22,"Sociedad",9
"650",2019-03-10,"Valladolid",10,"Real Madrid",15
"651",2019-03-15,"Sociedad",22,"Levante",8
"652",2019-03-16,"Ath Bilbao",9,"Ath Madrid",9
"653",2019-03-16,"Huesca",7,"Alaves",12
"654",2019-03-16,"Leganes",12,"Girona",8
"655",2019-03-16,"Real Madrid",22,"Celta",6
"656",2019-03-17,"Betis",13,"Barcelona",16
"657",2019-03-17,"Eibar",15,"Valladolid",8
"658",2019-03-17,"Espanol",13,"Sevilla",12
"659",2019-03-17,"Valencia",8,"Getafe",9
"660",2019-03-17,"Villarreal",12,"Vallecano",7
"661",2019-03-29,"Girona",6,"Ath Bilbao",8
"662",2019-03-30,"Alaves",14,"Ath Madrid",11
"663",2019-03-30,"Barcelona",13,"Espanol",4
"664",2019-03-30,"Celta",15,"Villarreal",14
"665",2019-03-30,"Getafe",9,"Leganes",7
"666",2019-03-31,"Levante",7,"Eibar",17
"667",2019-03-31,"Real Madrid",16,"Huesca",16
"668",2019-03-31,"Sevilla",17,"Valencia",4
"669",2019-03-31,"Valladolid",10,"Sociedad",10
"670",2019-03-31,"Vallecano",20,"Betis",7
"671",2019-04-02,"Ath Madrid",17,"Girona",12
"672",2019-04-02,"Espanol",9,"Getafe",13
"673",2019-04-02,"Villarreal",16,"Barcelona",15
"674",2019-04-03,"Ath Bilbao",14,"Levante",11
"675",2019-04-03,"Eibar",12,"Vallecano",13
"676",2019-04-03,"Huesca",23,"Celta",11
"677",2019-04-03,"Valencia",11,"Real Madrid",15
"678",2019-04-04,"Leganes",18,"Valladolid",8
"679",2019-04-04,"Sevilla",18,"Alaves",5
"680",2019-04-04,"Sociedad",15,"Betis",11
"681",2019-04-06,"Barcelona",21,"Ath Madrid",9
"682",2019-04-06,"Girona",14,"Espanol",9
"683",2019-04-06,"Real Madrid",13,"Eibar",3
"684",2019-04-06,"Vallecano",15,"Valencia",12
"685",2019-04-07,"Alaves",6,"Leganes",9
"686",2019-04-07,"Betis",17,"Villarreal",10
"687",2019-04-07,"Celta",11,"Sociedad",14
"688",2019-04-07,"Getafe",6,"Ath Bilbao",9
"689",2019-04-07,"Levante",14,"Huesca",17
"690",2019-04-07,"Valladolid",10,"Sevilla",16
"691",2019-04-13,"Ath Madrid",11,"Celta",10
"692",2019-04-13,"Espanol",6,"Alaves",14
"693",2019-04-13,"Huesca",6,"Barcelona",10
"694",2019-04-13,"Sevilla",11,"Betis",12
"695",2019-04-14,"Ath Bilbao",15,"Vallecano",8
"696",2019-04-14,"Girona",14,"Villarreal",17
"697",2019-04-14,"Sociedad",3,"Eibar",17
"698",2019-04-14,"Valencia",23,"Levante",6
"699",2019-04-14,"Valladolid",8,"Getafe",8
"700",2019-04-15,"Leganes",5,"Real Madrid",13
"701",2019-04-19,"Alaves",10,"Valladolid",12
"702",2019-04-20,"Barcelona",11,"Sociedad",9
"703",2019-04-20,"Celta",13,"Girona",9
"704",2019-04-20,"Eibar",10,"Ath Madrid",8
"705",2019-04-20,"Vallecano",16,"Huesca",10
"706",2019-04-21,"Betis",23,"Valencia",4
"707",2019-04-21,"Getafe",10,"Sevilla",12
"708",2019-04-21,"Levante",19,"Espanol",14
"709",2019-04-21,"Real Madrid",11,"Ath Bilbao",5
"710",2019-04-21,"Villarreal",11,"Leganes",6
"711",2019-04-23,"Alaves",6,"Barcelona",17
"712",2019-04-23,"Huesca",12,"Eibar",7
"713",2019-04-23,"Valladolid",13,"Girona",6
"714",2019-04-24,"Ath Madrid",14,"Valencia",12
"715",2019-04-24,"Espanol",9,"Celta",18
"716",2019-04-24,"Leganes",14,"Ath Bilbao",3
"717",2019-04-24,"Levante",6,"Betis",7
"718",2019-04-25,"Getafe",9,"Real Madrid",12
"719",2019-04-25,"Sevilla",20,"Vallecano",12
"720",2019-04-25,"Sociedad",13,"Villarreal",8
"721",2019-04-27,"Ath Bilbao",14,"Alaves",14
"722",2019-04-27,"Ath Madrid",13,"Valladolid",13
"723",2019-04-27,"Barcelona",23,"Levante",7
"724",2019-04-27,"Leganes",10,"Celta",8
"725",2019-04-28,"Girona",15,"Sevilla",7
"726",2019-04-28,"Sociedad",11,"Getafe",12
"727",2019-04-28,"Valencia",7,"Eibar",13
"728",2019-04-28,"Vallecano",11,"Real Madrid",9
"729",2019-04-28,"Villarreal",18,"Huesca",13
"730",2019-04-29,"Betis",18,"Espanol",10
"731",2019-05-03,"Sevilla",7,"Leganes",9
"732",2019-05-04,"Alaves",17,"Sociedad",9
"733",2019-05-04,"Celta",14,"Barcelona",8
"734",2019-05-04,"Espanol",11,"Ath Madrid",11
"735",2019-05-04,"Levante",12,"Vallecano",20
"736",2019-05-05,"Eibar",14,"Betis",12
"737",2019-05-05,"Getafe",13,"Girona",4
"738",2019-05-05,"Huesca",24,"Valencia",10
"739",2019-05-05,"Real Madrid",24,"Villarreal",15
"740",2019-05-05,"Valladolid",10,"Ath Bilbao",9
"741",2019-05-12,"Ath Bilbao",8,"Celta",3
"742",2019-05-12,"Ath Madrid",11,"Sevilla",11
"743",2019-05-12,"Barcelona",13,"Getafe",11
"744",2019-05-12,"Betis",17,"Huesca",9
"745",2019-05-12,"Girona",14,"Levante",6
"746",2019-05-12,"Leganes",11,"Espanol",19
"747",2019-05-12,"Sociedad",19,"Real Madrid",6
"748",2019-05-12,"Valencia",10,"Alaves",10
"749",2019-05-12,"Vallecano",16,"Valladolid",9
"750",2019-05-12,"Villarreal",11,"Eibar",4
"751",2019-05-18,"Alaves",14,"Girona",13
"752",2019-05-18,"Celta",14,"Vallecano",11
"753",2019-05-18,"Espanol",9,"Sociedad",11
"754",2019-05-18,"Getafe",17,"Villarreal",8
"755",2019-05-18,"Huesca",15,"Leganes",9
"756",2019-05-18,"Levante",17,"Ath Madrid",17
"757",2019-05-18,"Sevilla",9,"Ath Bilbao",9
"758",2019-05-18,"Valladolid",19,"Valencia",9
"759",2019-05-19,"Eibar",15,"Barcelona",6
"760",2019-05-19,"Real Madrid",9,"Betis",9
"761",2019-08-16,"Ath Bilbao",11,"Barcelona",11
"762",2019-08-17,"Celta",7,"Real Madrid",17
"763",2019-08-17,"Valencia",14,"Sociedad",12
"764",2019-08-17,"Mallorca",16,"Eibar",11
"765",2019-08-17,"Leganes",13,"Osasuna",4
"766",2019-08-17,"Villarreal",12,"Granada",14
"767",2019-08-18,"Alaves",9,"Levante",16
"768",2019-08-18,"Espanol",7,"Sevilla",12
"769",2019-08-18,"Betis",13,"Valladolid",14
"770",2019-08-18,"Ath Madrid",5,"Getafe",6
"771",2019-08-23,"Granada",12,"Sevilla",11
"772",2019-08-23,"Levante",16,"Villarreal",23
"773",2019-08-24,"Osasuna",6,"Eibar",12
"774",2019-08-24,"Real Madrid",22,"Valladolid",9
"775",2019-08-24,"Celta",11,"Valencia",9
"776",2019-08-24,"Getafe",6,"Ath Bilbao",4
"777",2019-08-25,"Alaves",10,"Espanol",5
"778",2019-08-25,"Mallorca",12,"Sociedad",12
"779",2019-08-25,"Leganes",10,"Ath Madrid",6
"780",2019-08-25,"Barcelona",20,"Betis",4
"781",2019-08-30,"Sevilla",19,"Celta",2
"782",2019-08-30,"Ath Bilbao",15,"Sociedad",2
"783",2019-08-31,"Osasuna",15,"Barcelona",8
"784",2019-08-31,"Getafe",15,"Alaves",5
"785",2019-08-31,"Levante",16,"Valladolid",15
"786",2019-08-31,"Betis",17,"Leganes",19
"787",2019-09-01,"Valencia",9,"Mallorca",12
"788",2019-09-01,"Ath Madrid",7,"Eibar",6
"789",2019-09-01,"Espanol",15,"Granada",14
"790",2019-09-01,"Villarreal",10,"Real Madrid",17
"791",2019-09-13,"Mallorca",10,"Ath Bilbao",11
"792",2019-09-14,"Real Madrid",25,"Levante",8
"793",2019-09-14,"Leganes",10,"Villarreal",8
"794",2019-09-14,"Sociedad",14,"Ath Madrid",12
"795",2019-09-14,"Barcelona",17,"Valencia",9
"796",2019-09-15,"Eibar",11,"Espanol",7
"797",2019-09-15,"Alaves",7,"Sevilla",19
"798",2019-09-15,"Celta",4,"Granada",13
"799",2019-09-15,"Valladolid",11,"Osasuna",17
"800",2019-09-15,"Betis",7,"Getafe",12
"801",2019-09-20,"Osasuna",12,"Betis",7
"802",2019-09-21,"Villarreal",18,"Valladolid",7
"803",2019-09-21,"Levante",13,"Eibar",18
"804",2019-09-21,"Ath Madrid",20,"Celta",6
"805",2019-09-21,"Granada",9,"Barcelona",8
"806",2019-09-22,"Getafe",14,"Mallorca",7
"807",2019-09-22,"Espanol",17,"Sociedad",10
"808",2019-09-22,"Valencia",13,"Leganes",13
"809",2019-09-22,"Ath Bilbao",13,"Alaves",5
"810",2019-09-22,"Sevilla",9,"Real Madrid",7
"811",2019-09-24,"Valladolid",9,"Granada",6
"812",2019-09-24,"Betis",17,"Levante",17
"813",2019-09-24,"Barcelona",8,"Villarreal",11
"814",2019-09-25,"Leganes",7,"Ath Bilbao",9
"815",2019-09-25,"Mallorca",9,"Ath Madrid",13
"816",2019-09-25,"Valencia",8,"Getafe",18
"817",2019-09-25,"Real Madrid",15,"Osasuna",4
"818",2019-09-26,"Eibar",11,"Sevilla",7
"819",2019-09-26,"Celta",14,"Espanol",10
"820",2019-09-26,"Sociedad",21,"Alaves",5
"821",2019-09-27,"Villarreal",17,"Betis",11
"822",2019-09-28,"Ath Bilbao",14,"Valencia",10
"823",2019-09-28,"Getafe",8,"Barcelona",10
"824",2019-09-28,"Granada",11,"Leganes",15
"825",2019-09-28,"Ath Madrid",7,"Real Madrid",14
"826",2019-09-29,"Espanol",16,"Valladolid",9
"827",2019-09-29,"Eibar",7,"Celta",3
"828",2019-09-29,"Alaves",11,"Mallorca",5
"829",2019-09-29,"Levante",10,"Osasuna",18
"830",2019-09-29,"Sevilla",21,"Sociedad",5
"831",2019-10-04,"Betis",12,"Eibar",8
"832",2019-10-05,"Leganes",25,"Levante",9
"833",2019-10-05,"Real Madrid",17,"Granada",8
"834",2019-10-05,"Valencia",11,"Alaves",10
"835",2019-10-05,"Osasuna",16,"Villarreal",16
"836",2019-10-06,"Mallorca",9,"Espanol",11
"837",2019-10-06,"Celta",13,"Ath Bilbao",6
"838",2019-10-06,"Valladolid",5,"Ath Madrid",9
"839",2019-10-06,"Sociedad",6,"Getafe",13
"840",2019-10-06,"Barcelona",15,"Sevilla",16
"841",2019-10-18,"Granada",6,"Osasuna",9
"842",2019-10-19,"Eibar",5,"Barcelona",9
"843",2019-10-19,"Ath Madrid",15,"Valencia",11
"844",2019-10-19,"Getafe",5,"Leganes",7
"845",2019-10-19,"Mallorca",5,"Real Madrid",13
"846",2019-10-20,"Alaves",12,"Celta",14
"847",2019-10-20,"Sociedad",18,"Betis",12
"848",2019-10-20,"Espanol",18,"Villarreal",11
"849",2019-10-20,"Ath Bilbao",19,"Valladolid",9
"850",2019-10-20,"Sevilla",19,"Levante",12
"851",2019-10-25,"Villarreal",19,"Alaves",12
"852",2019-10-26,"Leganes",9,"Mallorca",9
"853",2019-10-26,"Valladolid",8,"Eibar",13
"854",2019-10-26,"Ath Madrid",9,"Ath Bilbao",9
"855",2019-10-27,"Celta",9,"Sociedad",9
"856",2019-10-27,"Granada",13,"Betis",12
"857",2019-10-27,"Levante",7,"Espanol",14
"858",2019-10-27,"Sevilla",15,"Getafe",9
"859",2019-10-27,"Osasuna",21,"Valencia",2
"860",2019-10-29,"Alaves",11,"Ath Madrid",9
"861",2019-10-29,"Barcelona",18,"Valladolid",9
"862",2019-10-30,"Sociedad",17,"Levante",13
"863",2019-10-30,"Valencia",10,"Sevilla",10
"864",2019-10-30,"Ath Bilbao",7,"Espanol",12
"865",2019-10-30,"Betis",11,"Celta",18
"866",2019-10-30,"Real Madrid",22,"Leganes",5
"867",2019-10-31,"Eibar",25,"Villarreal",9
"868",2019-10-31,"Mallorca",11,"Osasuna",12
"869",2019-10-31,"Getafe",8,"Granada",10
"870",2019-11-02,"Espanol",13,"Valencia",11
"871",2019-11-02,"Levante",9,"Barcelona",9
"872",2019-11-02,"Sevilla",11,"Ath Madrid",14
"873",2019-11-02,"Real Madrid",22,"Betis",13
"874",2019-11-03,"Valladolid",12,"Mallorca",14
"875",2019-11-03,"Villarreal",11,"Ath Bilbao",12
"876",2019-11-03,"Osasuna",19,"Alaves",11
"877",2019-11-03,"Celta",6,"Getafe",9
"878",2019-11-03,"Leganes",12,"Eibar",7
"879",2019-11-03,"Granada",5,"Sociedad",9
"880",2019-11-08,"Sociedad",11,"Leganes",6
"881",2019-11-09,"Alaves",14,"Valladolid",7
"882",2019-11-09,"Valencia",12,"Granada",13
"883",2019-11-09,"Eibar",14,"Real Madrid",10
"884",2019-11-09,"Barcelona",10,"Celta",6
"885",2019-11-10,"Mallorca",5,"Villarreal",22
"886",2019-11-10,"Ath Bilbao",23,"Levante",8
"887",2019-11-10,"Ath Madrid",18,"Espanol",10
"888",2019-11-10,"Getafe",14,"Osasuna",4
"889",2019-11-10,"Betis",18,"Sevilla",10
"890",2019-11-22,"Levante",13,"Mallorca",14
"891",2019-11-23,"Leganes",9,"Barcelona",11
"892",2019-11-23,"Betis",25,"Valencia",9
"893",2019-11-23,"Granada",9,"Ath Madrid",17
"894",2019-11-23,"Real Madrid",18,"Sociedad",11
"895",2019-11-24,"Espanol",6,"Getafe",11
"896",2019-11-24,"Osasuna",12,"Ath Bilbao",6
"897",2019-11-24,"Eibar",18,"Alaves",7
"898",2019-11-24,"Villarreal",15,"Celta",11
"899",2019-11-24,"Valladolid",7,"Sevilla",4
"900",2019-11-29,"Celta",13,"Valladolid",9
"901",2019-11-30,"Alaves",8,"Real Madrid",12
"902",2019-11-30,"Sociedad",15,"Eibar",10
"903",2019-11-30,"Mallorca",16,"Betis",15
"904",2019-11-30,"Valencia",13,"Villarreal",24
"905",2019-12-01,"Sevilla",16,"Leganes",8
"906",2019-12-01,"Ath Bilbao",14,"Granada",8
"907",2019-12-01,"Espanol",12,"Osasuna",14
"908",2019-12-01,"Getafe",13,"Levante",7
"909",2019-12-01,"Ath Madrid",17,"Barcelona",13
"910",2019-12-06,"Villarreal",23,"Ath Madrid",18
"911",2019-12-07,"Real Madrid",18,"Espanol",6
"912",2019-12-07,"Granada",13,"Alaves",5
"913",2019-12-07,"Levante",17,"Valencia",10
"914",2019-12-07,"Barcelona",25,"Mallorca",9
"915",2019-12-08,"Eibar",6,"Getafe",6
"916",2019-12-08,"Betis",10,"Ath Bilbao",8
"917",2019-12-08,"Valladolid",4,"Sociedad",16
"918",2019-12-08,"Leganes",15,"Celta",9
"919",2019-12-08,"Osasuna",10,"Sevilla",13
"920",2019-12-13,"Alaves",10,"Leganes",3
"921",2019-12-14,"Granada",18,"Levante",13
"922",2019-12-14,"Sociedad",19,"Barcelona",9
"923",2019-12-14,"Ath Bilbao",8,"Eibar",8
"924",2019-12-14,"Ath Madrid",19,"Osasuna",15
"925",2019-12-15,"Getafe",7,"Valladolid",10
"926",2019-12-15,"Celta",18,"Mallorca",8
"927",2019-12-15,"Espanol",16,"Betis",10
"928",2019-12-15,"Sevilla",24,"Villarreal",9
"929",2019-12-15,"Valencia",9,"Real Madrid",19
"930",2019-12-18,"Barcelona",9,"Real Madrid",17
"931",2019-12-20,"Eibar",21,"Granada",12
"932",2019-12-21,"Mallorca",8,"Sevilla",13
"933",2019-12-21,"Barcelona",8,"Alaves",5
"934",2019-12-21,"Villarreal",11,"Getafe",7
"935",2019-12-21,"Valladolid",14,"Valencia",5
"936",2019-12-22,"Leganes",11,"Espanol",9
"937",2019-12-22,"Osasuna",19,"Sociedad",13
"938",2019-12-22,"Betis",15,"Ath Madrid",8
"939",2019-12-22,"Levante",13,"Celta",12
"940",2019-12-22,"Real Madrid",20,"Ath Bilbao",8
"941",2020-01-03,"Valladolid",14,"Leganes",12
"942",2020-01-03,"Sevilla",9,"Ath Bilbao",6
"943",2020-01-04,"Valencia",9,"Eibar",10
"944",2020-01-04,"Getafe",15,"Real Madrid",10
"945",2020-01-04,"Ath Madrid",17,"Levante",6
"946",2020-01-04,"Espanol",8,"Barcelona",14
"947",2020-01-05,"Granada",7,"Mallorca",17
"948",2020-01-05,"Sociedad",10,"Villarreal",14
"949",2020-01-05,"Alaves",6,"Betis",10
"950",2020-01-05,"Celta",20,"Osasuna",8
"951",2020-01-17,"Leganes",8,"Getafe",8
"952",2020-01-18,"Levante",20,"Alaves",14
"953",2020-01-18,"Real Madrid",13,"Sevilla",8
"954",2020-01-18,"Osasuna",21,"Valladolid",5
"955",2020-01-18,"Eibar",9,"Ath Madrid",12
"956",2020-01-19,"Mallorca",13,"Valencia",8
"957",2020-01-19,"Betis",14,"Sociedad",7
"958",2020-01-19,"Villarreal",21,"Espanol",16
"959",2020-01-19,"Ath Bilbao",22,"Celta",7
"960",2020-01-19,"Barcelona",18,"Granada",5
"961",2020-01-24,"Osasuna",15,"Levante",6
"962",2020-01-25,"Espanol",9,"Ath Bilbao",11
"963",2020-01-25,"Valencia",8,"Barcelona",14
"964",2020-01-25,"Alaves",12,"Villarreal",11
"965",2020-01-25,"Sevilla",12,"Granada",8
"966",2020-01-26,"Ath Madrid",14,"Leganes",10
"967",2020-01-26,"Celta",18,"Eibar",5
"968",2020-01-26,"Getafe",7,"Betis",8
"969",2020-01-26,"Sociedad",14,"Mallorca",8
"970",2020-01-26,"Valladolid",4,"Real Madrid",12
"971",2020-02-01,"Granada",8,"Espanol",22
"972",2020-02-01,"Real Madrid",16,"Ath Madrid",4
"973",2020-02-01,"Mallorca",16,"Valladolid",15
"974",2020-02-01,"Valencia",9,"Celta",11
"975",2020-02-02,"Leganes",12,"Sociedad",2
"976",2020-02-02,"Eibar",8,"Betis",14
"977",2020-02-02,"Ath Bilbao",8,"Getafe",9
"978",2020-02-02,"Sevilla",14,"Alaves",4
"979",2020-02-02,"Villarreal",9,"Osasuna",17
"980",2020-02-02,"Barcelona",23,"Levante",10
"981",2020-02-07,"Alaves",9,"Eibar",5
"982",2020-02-08,"Levante",9,"Leganes",12
"983",2020-02-08,"Getafe",22,"Valencia",5
"984",2020-02-08,"Valladolid",8,"Villarreal",8
"985",2020-02-08,"Ath Madrid",6,"Granada",10
"986",2020-02-09,"Espanol",12,"Mallorca",7
"987",2020-02-09,"Sociedad",14,"Ath Bilbao",6
"988",2020-02-09,"Osasuna",14,"Real Madrid",17
"989",2020-02-09,"Celta",13,"Sevilla",12
"990",2020-02-09,"Betis",7,"Barcelona",10
"991",2020-02-14,"Valencia",9,"Ath Madrid",8
"992",2020-02-15,"Mallorca",14,"Alaves",10
"993",2020-02-15,"Barcelona",12,"Getafe",7
"994",2020-02-15,"Villarreal",14,"Levante",11
"995",2020-02-15,"Granada",11,"Valladolid",6
"996",2020-02-16,"Sevilla",18,"Espanol",5
"997",2020-02-16,"Leganes",11,"Betis",3
"998",2020-02-16,"Ath Bilbao",12,"Osasuna",6
"999",2020-02-16,"Real Madrid",15,"Celta",5
"1000",2020-02-21,"Betis",19,"Mallorca",11
"1001",2020-02-22,"Celta",3,"Leganes",11
"1002",2020-02-22,"Barcelona",13,"Eibar",12
"1003",2020-02-22,"Sociedad",19,"Valencia",6
"1004",2020-02-22,"Levante",8,"Real Madrid",19
"1005",2020-02-23,"Osasuna",14,"Granada",10
"1006",2020-02-23,"Alaves",4,"Ath Bilbao",13
"1007",2020-02-23,"Valladolid",21,"Espanol",6
"1008",2020-02-23,"Getafe",10,"Sevilla",8
"1009",2020-02-23,"Ath Madrid",16,"Villarreal",10
"1010",2020-02-28,"Sociedad",13,"Valladolid",6
"1011",2020-02-29,"Eibar",13,"Levante",11
"1012",2020-02-29,"Valencia",10,"Betis",14
"1013",2020-02-29,"Leganes",19,"Alaves",8
"1014",2020-02-29,"Granada",14,"Celta",6
"1015",2020-03-01,"Sevilla",12,"Osasuna",14
"1016",2020-03-01,"Ath Bilbao",18,"Villarreal",10
"1017",2020-03-01,"Espanol",9,"Ath Madrid",5
"1018",2020-03-01,"Mallorca",4,"Getafe",9
"1019",2020-03-01,"Real Madrid",13,"Barcelona",9
"1020",2020-03-06,"Alaves",13,"Valencia",6
"1021",2020-03-07,"Eibar",13,"Mallorca",10
"1022",2020-03-07,"Ath Madrid",21,"Sevilla",12
"1023",2020-03-07,"Barcelona",13,"Sociedad",9
"1024",2020-03-07,"Getafe",19,"Celta",3
"1025",2020-03-08,"Osasuna",17,"Espanol",8
"1026",2020-03-08,"Valladolid",19,"Ath Bilbao",10
"1027",2020-03-08,"Levante",11,"Granada",10
"1028",2020-03-08,"Villarreal",15,"Leganes",12
"1029",2020-03-08,"Betis",14,"Real Madrid",13
"1030",2020-03-10,"Eibar",13,"Sociedad",6
"1031",2020-06-11,"Sevilla",13,"Betis",12
"1032",2020-06-12,"Granada",10,"Getafe",6
"1033",2020-06-12,"Valencia",12,"Levante",14
"1034",2020-06-13,"Espanol",19,"Alaves",1
"1035",2020-06-13,"Celta",4,"Villarreal",15
"1036",2020-06-13,"Leganes",11,"Valladolid",6
"1037",2020-06-13,"Mallorca",13,"Barcelona",12
"1038",2020-06-14,"Ath Bilbao",10,"Ath Madrid",9
"1039",2020-06-14,"Real Madrid",6,"Eibar",9
"1040",2020-06-14,"Sociedad",9,"Osasuna",8
"1041",2020-06-15,"Levante",11,"Sevilla",10
"1042",2020-06-15,"Betis",18,"Granada",8
"1043",2020-06-16,"Getafe",21,"Espanol",5
"1044",2020-06-16,"Villarreal",10,"Mallorca",15
"1045",2020-06-16,"Barcelona",10,"Leganes",6
"1046",2020-06-17,"Eibar",12,"Ath Bilbao",6
"1047",2020-06-17,"Valladolid",6,"Celta",11
"1048",2020-06-17,"Osasuna",13,"Ath Madrid",10
"1049",2020-06-18,"Alaves",15,"Sociedad",9
"1050",2020-06-18,"Real Madrid",19,"Valencia",4
"1051",2020-06-19,"Granada",14,"Villarreal",5
"1052",2020-06-19,"Mallorca",7,"Leganes",16
"1053",2020-06-19,"Sevilla",8,"Barcelona",10
"1054",2020-06-20,"Espanol",10,"Levante",14
"1055",2020-06-20,"Ath Bilbao",12,"Betis",9
"1056",2020-06-20,"Getafe",9,"Eibar",8
"1057",2020-06-20,"Ath Madrid",15,"Valladolid",6
"1058",2020-06-21,"Celta",15,"Alaves",4
"1059",2020-06-21,"Valencia",7,"Osasuna",13
"1060",2020-06-21,"Sociedad",10,"Real Madrid",10
"1061",2020-06-22,"Villarreal",7,"Sevilla",14
"1062",2020-06-22,"Leganes",9,"Granada",4
"1063",2020-06-23,"Levante",12,"Ath Madrid",12
"1064",2020-06-23,"Valladolid",6,"Getafe",15
"1065",2020-06-23,"Barcelona",18,"Ath Bilbao",6
"1066",2020-06-24,"Alaves",5,"Osasuna",7
"1067",2020-06-24,"Sociedad",13,"Celta",4
"1068",2020-06-24,"Real Madrid",14,"Mallorca",11
"1069",2020-06-25,"Eibar",14,"Valencia",7
"1070",2020-06-25,"Betis",13,"Espanol",9
"1071",2020-06-26,"Sevilla",15,"Valladolid",11
"1072",2020-06-27,"Ath Bilbao",12,"Mallorca",14
"1073",2020-06-27,"Celta",10,"Barcelona",18
"1074",2020-06-27,"Osasuna",6,"Leganes",21
"1075",2020-06-27,"Ath Madrid",14,"Alaves",6
"1076",2020-06-28,"Levante",9,"Betis",17
"1077",2020-06-28,"Villarreal",17,"Valencia",4
"1078",2020-06-28,"Granada",14,"Eibar",13
"1079",2020-06-28,"Espanol",8,"Real Madrid",14
"1080",2020-06-29,"Getafe",11,"Sociedad",5
"1081",2020-06-30,"Mallorca",9,"Celta",12
"1082",2020-06-30,"Leganes",9,"Sevilla",11
"1083",2020-06-30,"Barcelona",12,"Ath Madrid",10
"1084",2020-07-01,"Alaves",11,"Granada",7
"1085",2020-07-01,"Valencia",10,"Ath Bilbao",12
"1086",2020-07-01,"Betis",9,"Villarreal",15
"1087",2020-07-01,"Valladolid",15,"Levante",8
"1088",2020-07-02,"Eibar",11,"Osasuna",9
"1089",2020-07-02,"Sociedad",12,"Espanol",4
"1090",2020-07-02,"Real Madrid",8,"Getafe",10
"1091",2020-07-03,"Ath Madrid",15,"Mallorca",13
"1092",2020-07-04,"Celta",5,"Betis",10
"1093",2020-07-04,"Valladolid",5,"Alaves",7
"1094",2020-07-04,"Granada",17,"Valencia",4
"1095",2020-07-05,"Ath Bilbao",7,"Real Madrid",10
"1096",2020-07-05,"Espanol",7,"Leganes",4
"1097",2020-07-05,"Osasuna",6,"Getafe",6
"1098",2020-07-05,"Villarreal",11,"Barcelona",18
"1099",2020-07-06,"Levante",9,"Sociedad",8
"1100",2020-07-06,"Sevilla",8,"Eibar",19
"1101",2020-07-07,"Valencia",10,"Valladolid",11
"1102",2020-07-07,"Celta",9,"Ath Madrid",10
"1103",2020-07-08,"Betis",14,"Osasuna",8
"1104",2020-07-08,"Getafe",5,"Villarreal",6
"1105",2020-07-08,"Barcelona",9,"Espanol",11
"1106",2020-07-09,"Eibar",4,"Leganes",10
"1107",2020-07-09,"Mallorca",15,"Levante",14
"1108",2020-07-09,"Ath Bilbao",13,"Sevilla",20
"1109",2020-07-10,"Sociedad",19,"Granada",4
"1110",2020-07-10,"Real Madrid",18,"Alaves",10
"1111",2020-07-11,"Osasuna",15,"Celta",12
"1112",2020-07-11,"Valladolid",13,"Barcelona",9
"1113",2020-07-11,"Ath Madrid",9,"Betis",21
"1114",2020-07-12,"Espanol",14,"Eibar",11
"1115",2020-07-12,"Levante",5,"Ath Bilbao",12
"1116",2020-07-12,"Leganes",10,"Valencia",16
"1117",2020-07-12,"Sevilla",14,"Mallorca",14
"1118",2020-07-13,"Alaves",3,"Getafe",14
"1119",2020-07-13,"Villarreal",9,"Sociedad",11
"1120",2020-07-13,"Granada",13,"Real Madrid",11
"1121",2020-07-16,"Eibar",13,"Valladolid",17
"1122",2020-07-16,"Ath Bilbao",10,"Leganes",16
"1123",2020-07-16,"Barcelona",19,"Osasuna",9
"1124",2020-07-16,"Betis",14,"Alaves",9
"1125",2020-07-16,"Celta",16,"Levante",8
"1126",2020-07-16,"Getafe",15,"Ath Madrid",11
"1127",2020-07-16,"Mallorca",18,"Granada",14
"1128",2020-07-16,"Real Madrid",12,"Villarreal",8
"1129",2020-07-16,"Sociedad",11,"Sevilla",8
"1130",2020-07-16,"Valencia",9,"Espanol",18
"1131",2020-07-19,"Alaves",8,"Barcelona",16
"1132",2020-07-19,"Valladolid",13,"Betis",10
"1133",2020-07-19,"Villarreal",12,"Eibar",11
"1134",2020-07-19,"Ath Madrid",6,"Sociedad",10
"1135",2020-07-19,"Espanol",8,"Celta",9
"1136",2020-07-19,"Granada",11,"Ath Bilbao",11
"1137",2020-07-19,"Leganes",15,"Real Madrid",7
"1138",2020-07-19,"Levante",13,"Getafe",13
"1139",2020-07-19,"Osasuna",12,"Mallorca",12
"1140",2020-07-19,"Sevilla",16,"Valencia",8
