"date","home.team","home.score","away.team","away.score"
17-08-18,"Leganes",16,"Alaves",6
17-08-18,"Valencia",22,"Las Palmas",5
17-08-19,"Celta",16,"Sociedad",13
17-08-19,"Girona",13,"Ath Madrid",9
17-08-19,"Sevilla",9,"Espanol",9
17-08-20,"Ath Bilbao",12,"Getafe",8
17-08-20,"Barcelona",15,"Betis",3
17-08-20,"La Coruna",12,"Real Madrid",16
17-08-21,"Levante",14,"Villarreal",9
17-08-21,"Malaga",10,"Eibar",13
17-08-25,"Betis",10,"Celta",9
17-08-25,"Sociedad",15,"Villarreal",6
17-08-26,"Alaves",11,"Barcelona",23
17-08-26,"Girona",15,"Malaga",7
17-08-26,"Las Palmas",10,"Ath Madrid",8
17-08-26,"Levante",24,"La Coruna",11
17-08-27,"Eibar",14,"Ath Bilbao",10
17-08-27,"Espanol",17,"Leganes",12
17-08-27,"Getafe",15,"Sevilla",6
17-08-27,"Real Madrid",22,"Valencia",7
17-09-08,"Leganes",11,"Getafe",11
17-09-09,"Barcelona",20,"Espanol",9
17-09-09,"Real Madrid",18,"Levante",5
17-09-09,"Sevilla",12,"Eibar",7
17-09-09,"Valencia",11,"Ath Madrid",13
17-09-10,"Ath Bilbao",7,"Girona",11
17-09-10,"Celta",20,"Alaves",5
17-09-10,"La Coruna",11,"Sociedad",15
17-09-10,"Villarreal",14,"Betis",8
17-09-11,"Malaga",14,"Las Palmas",10
17-09-15,"Eibar",10,"Leganes",5
17-09-16,"Ath Madrid",17,"Malaga",9
17-09-16,"Betis",17,"La Coruna",11
17-09-16,"Getafe",13,"Barcelona",7
17-09-16,"Levante",9,"Valencia",13
17-09-17,"Alaves",16,"Villarreal",16
17-09-17,"Girona",13,"Sevilla",13
17-09-17,"Las Palmas",12,"Ath Bilbao",11
17-09-17,"Sociedad",10,"Real Madrid",18
17-09-18,"Espanol",9,"Celta",11
17-09-19,"Barcelona",11,"Eibar",13
17-09-19,"Valencia",16,"Malaga",11
17-09-20,"Ath Bilbao",12,"Ath Madrid",16
17-09-20,"La Coruna",15,"Alaves",8
17-09-20,"Leganes",12,"Girona",10
17-09-20,"Real Madrid",27,"Betis",12
17-09-20,"Sevilla",14,"Las Palmas",6
17-09-21,"Celta",8,"Getafe",10
17-09-21,"Levante",13,"Sociedad",13
17-09-21,"Villarreal",14,"Espanol",10
17-09-23,"Alaves",8,"Real Madrid",21
17-09-23,"Ath Madrid",13,"Sevilla",11
17-09-23,"Girona",13,"Barcelona",9
17-09-23,"Malaga",15,"Ath Bilbao",8
17-09-24,"Eibar",9,"Celta",10
17-09-24,"Espanol",17,"La Coruna",21
17-09-24,"Getafe",17,"Villarreal",6
17-09-24,"Las Palmas",8,"Leganes",9
17-09-24,"Sociedad",18,"Valencia",13
17-09-25,"Betis",14,"Levante",8
17-09-29,"Celta",16,"Girona",10
17-09-30,"La Coruna",15,"Getafe",10
17-09-30,"Leganes",7,"Ath Madrid",11
17-09-30,"Levante",13,"Alaves",8
17-09-30,"Sevilla",12,"Malaga",11
17-10-01,"Barcelona",22,"Las Palmas",10
17-10-01,"Real Madrid",22,"Espanol",8
17-10-01,"Sociedad",17,"Betis",10
17-10-01,"Valencia",10,"Ath Bilbao",16
17-10-01,"Villarreal",12,"Eibar",8
17-10-13,"Espanol",20,"Levante",13
17-10-14,"Alaves",8,"Sociedad",13
17-10-14,"Ath Bilbao",15,"Sevilla",14
17-10-14,"Ath Madrid",5,"Barcelona",15
17-10-14,"Getafe",8,"Real Madrid",16
17-10-15,"Betis",13,"Valencia",13
17-10-15,"Eibar",15,"La Coruna",11
17-10-15,"Girona",14,"Villarreal",5
17-10-15,"Malaga",13,"Leganes",19
17-10-16,"Las Palmas",24,"Celta",14
17-10-21,"Barcelona",12,"Malaga",13
17-10-21,"Betis",12,"Alaves",7
17-10-21,"Levante",5,"Getafe",9
17-10-21,"Valencia",18,"Sevilla",18
17-10-22,"Celta",19,"Ath Madrid",4
17-10-22,"Leganes",15,"Ath Bilbao",7
17-10-22,"Real Madrid",15,"Eibar",9
17-10-22,"Villarreal",25,"Las Palmas",16
17-10-23,"La Coruna",15,"Girona",13
17-10-23,"Sociedad",19,"Espanol",4
17-10-28,"Alaves",16,"Valencia",7
17-10-28,"Ath Bilbao",17,"Barcelona",17
17-10-28,"Ath Madrid",18,"Villarreal",12
17-10-28,"Sevilla",9,"Leganes",10
17-10-29,"Eibar",16,"Levante",3
17-10-29,"Getafe",10,"Sociedad",15
17-10-29,"Girona",15,"Real Madrid",15
17-10-29,"Malaga",15,"Celta",10
17-10-30,"Espanol",10,"Betis",9
17-10-30,"Las Palmas",13,"La Coruna",15
17-11-03,"Betis",15,"Getafe",9
17-11-04,"Alaves",17,"Espanol",9
17-11-04,"Barcelona",18,"Sevilla",8
17-11-04,"La Coruna",14,"Ath Madrid",11
17-11-04,"Valencia",13,"Leganes",13
17-11-05,"Celta",11,"Ath Bilbao",14
17-11-05,"Levante",7,"Girona",10
17-11-05,"Real Madrid",27,"Las Palmas",2
17-11-05,"Sociedad",10,"Eibar",9
17-11-05,"Villarreal",14,"Malaga",10
17-11-17,"Girona",14,"Sociedad",14
17-11-18,"Ath Madrid",7,"Real Madrid",14
17-11-18,"Getafe",13,"Alaves",11
17-11-18,"Leganes",18,"Barcelona",11
17-11-18,"Sevilla",12,"Celta",11
17-11-19,"Ath Bilbao",15,"Villarreal",7
17-11-19,"Espanol",12,"Valencia",7
17-11-19,"Las Palmas",10,"Levante",11
17-11-19,"Malaga",14,"La Coruna",12
17-11-20,"Eibar",17,"Betis",4
17-11-24,"Celta",14,"Leganes",9
17-11-25,"Alaves",6,"Eibar",11
17-11-25,"Betis",12,"Girona",13
17-11-25,"Levante",17,"Ath Madrid",16
17-11-25,"Real Madrid",16,"Malaga",9
17-11-26,"La Coruna",14,"Ath Bilbao",10
17-11-26,"Sociedad",16,"Las Palmas",8
17-11-26,"Valencia",8,"Barcelona",12
17-11-26,"Villarreal",19,"Sevilla",15
17-11-27,"Espanol",10,"Getafe",7
17-12-01,"Malaga",18,"Levante",3
17-12-02,"Ath Bilbao",11,"Real Madrid",19
17-12-02,"Ath Madrid",16,"Sociedad",10
17-12-02,"Barcelona",21,"Celta",10
17-12-02,"Sevilla",10,"La Coruna",11
17-12-03,"Eibar",10,"Espanol",6
17-12-03,"Getafe",11,"Valencia",13
17-12-03,"Las Palmas",21,"Betis",8
17-12-03,"Leganes",12,"Villarreal",12
17-12-04,"Girona",11,"Alaves",9
17-12-08,"Alaves",22,"Las Palmas",6
17-12-09,"Getafe",6,"Eibar",7
17-12-09,"La Coruna",15,"Leganes",3
17-12-09,"Real Madrid",20,"Sevilla",11
17-12-09,"Valencia",13,"Celta",13
17-12-10,"Betis",9,"Ath Madrid",4
17-12-10,"Levante",12,"Ath Bilbao",14
17-12-10,"Sociedad",18,"Malaga",9
17-12-10,"Villarreal",9,"Barcelona",16
17-12-11,"Espanol",8,"Girona",12
17-12-15,"Sevilla",16,"Levante",10
17-12-16,"Ath Bilbao",7,"Sociedad",10
17-12-16,"Ath Madrid",10,"Alaves",11
17-12-16,"Eibar",15,"Valencia",7
17-12-17,"Barcelona",23,"La Coruna",10
17-12-17,"Celta",10,"Villarreal",8
17-12-17,"Girona",9,"Getafe",7
17-12-17,"Las Palmas",14,"Espanol",8
17-12-18,"Malaga",18,"Betis",10
17-12-19,"Levante",10,"Leganes",10
17-12-20,"Getafe",13,"Las Palmas",17
17-12-20,"Sociedad",14,"Sevilla",9
17-12-21,"Alaves",10,"Malaga",10
17-12-21,"Eibar",16,"Girona",6
17-12-22,"Betis",16,"Ath Bilbao",19
17-12-22,"Espanol",7,"Ath Madrid",9
17-12-23,"La Coruna",15,"Celta",7
17-12-23,"Real Madrid",14,"Barcelona",18
17-12-23,"Valencia",22,"Villarreal",9
18-01-06,"Ath Madrid",9,"Getafe",10
18-01-06,"Las Palmas",4,"Eibar",14
18-01-06,"Sevilla",14,"Betis",9
18-01-06,"Valencia",17,"Girona",11
18-01-07,"Ath Bilbao",14,"Alaves",8
18-01-07,"Barcelona",16,"Levante",9
18-01-07,"Celta",10,"Real Madrid",19
18-01-07,"Leganes",8,"Sociedad",9
18-01-07,"Villarreal",11,"La Coruna",13
18-01-08,"Malaga",17,"Espanol",6
18-01-12,"Getafe",7,"Malaga",9
18-01-13,"Eibar",11,"Ath Madrid",7
18-01-13,"Girona",15,"Las Palmas",3
18-01-13,"La Coruna",12,"Valencia",12
18-01-13,"Real Madrid",28,"Villarreal",10
18-01-14,"Alaves",12,"Sevilla",14
18-01-14,"Espanol",11,"Ath Bilbao",8
18-01-14,"Levante",15,"Celta",3
18-01-14,"Sociedad",15,"Barcelona",11
18-01-15,"Betis",16,"Leganes",10
18-01-19,"Getafe",17,"Ath Bilbao",7
18-01-20,"Ath Madrid",9,"Girona",6
18-01-20,"Espanol",9,"Sevilla",12
18-01-20,"Las Palmas",20,"Valencia",14
18-01-20,"Villarreal",18,"Levante",16
18-01-21,"Alaves",14,"Leganes",8
18-01-21,"Betis",7,"Barcelona",14
18-01-21,"Real Madrid",24,"La Coruna",5
18-01-21,"Sociedad",16,"Celta",10
18-01-22,"Eibar",15,"Malaga",10
18-01-26,"Ath Bilbao",7,"Eibar",14
18-01-27,"La Coruna",8,"Levante",15
18-01-27,"Malaga",7,"Girona",11
18-01-27,"Valencia",11,"Real Madrid",13
18-01-27,"Villarreal",11,"Sociedad",24
18-01-28,"Ath Madrid",18,"Las Palmas",9
18-01-28,"Barcelona",18,"Alaves",7
18-01-28,"Leganes",11,"Espanol",12
18-01-28,"Sevilla",15,"Getafe",7
18-01-29,"Celta",13,"Betis",7
18-02-02,"Sociedad",19,"La Coruna",4
18-02-03,"Alaves",9,"Celta",16
18-02-03,"Betis",13,"Villarreal",12
18-02-03,"Eibar",17,"Sevilla",11
18-02-03,"Levante",12,"Real Madrid",23
18-02-04,"Ath Madrid",14,"Valencia",9
18-02-04,"Espanol",7,"Barcelona",12
18-02-04,"Getafe",11,"Leganes",2
18-02-04,"Girona",8,"Ath Bilbao",9
18-02-05,"Las Palmas",11,"Malaga",9
18-02-09,"Ath Bilbao",11,"Las Palmas",8
18-02-10,"Leganes",2,"Eibar",19
18-02-10,"Malaga",13,"Ath Madrid",5
18-02-10,"Real Madrid",18,"Sociedad",8
18-02-10,"Villarreal",27,"Alaves",5
18-02-11,"Barcelona",12,"Getafe",10
18-02-11,"Celta",18,"Espanol",3
18-02-11,"Sevilla",13,"Girona",14
18-02-11,"Valencia",18,"Levante",5
18-02-12,"La Coruna",16,"Betis",10
18-02-16,"Girona",10,"Leganes",10
18-02-17,"Alaves",14,"La Coruna",5
18-02-17,"Eibar",13,"Barcelona",10
18-02-17,"Las Palmas",11,"Sevilla",12
18-02-17,"Malaga",9,"Valencia",10
18-02-18,"Ath Madrid",14,"Ath Bilbao",4
18-02-18,"Betis",20,"Real Madrid",12
18-02-18,"Espanol",15,"Villarreal",8
18-02-18,"Sociedad",13,"Levante",9
18-02-19,"Getafe",9,"Celta",4
18-02-21,"Leganes",7,"Real Madrid",13
18-02-23,"La Coruna",17,"Espanol",9
18-02-24,"Barcelona",21,"Girona",10
18-02-24,"Celta",8,"Eibar",15
18-02-24,"Leganes",11,"Las Palmas",4
18-02-24,"Real Madrid",25,"Alaves",11
18-02-25,"Ath Bilbao",8,"Malaga",8
18-02-25,"Sevilla",10,"Ath Madrid",13
18-02-25,"Valencia",7,"Sociedad",9
18-02-25,"Villarreal",10,"Getafe",3
18-02-26,"Levante",12,"Betis",15
18-02-27,"Espanol",16,"Real Madrid",12
18-02-27,"Girona",11,"Celta",10
18-02-28,"Ath Bilbao",11,"Valencia",6
18-02-28,"Ath Madrid",15,"Leganes",9
18-02-28,"Eibar",13,"Villarreal",11
18-02-28,"Getafe",14,"La Coruna",9
18-02-28,"Malaga",8,"Sevilla",6
18-03-01,"Alaves",15,"Levante",6
18-03-01,"Betis",8,"Sociedad",13
18-03-01,"Las Palmas",12,"Barcelona",10
18-03-03,"La Coruna",7,"Eibar",16
18-03-03,"Leganes",10,"Malaga",4
18-03-03,"Real Madrid",14,"Getafe",4
18-03-03,"Sevilla",18,"Ath Bilbao",10
18-03-03,"Villarreal",14,"Girona",4
18-03-04,"Barcelona",16,"Ath Madrid",6
18-03-04,"Levante",13,"Espanol",15
18-03-04,"Sociedad",14,"Alaves",3
18-03-04,"Valencia",12,"Betis",9
18-03-05,"Celta",14,"Las Palmas",10
18-03-09,"Girona",9,"La Coruna",8
18-03-10,"Eibar",12,"Real Madrid",12
18-03-10,"Getafe",11,"Levante",12
18-03-10,"Malaga",6,"Barcelona",20
18-03-10,"Sevilla",21,"Valencia",10
18-03-11,"Ath Bilbao",13,"Leganes",12
18-03-11,"Ath Madrid",7,"Celta",8
18-03-11,"Espanol",18,"Sociedad",11
18-03-11,"Las Palmas",9,"Villarreal",11
18-03-12,"Alaves",9,"Betis",10
18-03-16,"Levante",6,"Eibar",13
18-03-17,"Betis",9,"Espanol",4
18-03-17,"La Coruna",13,"Las Palmas",8
18-03-17,"Sociedad",8,"Getafe",9
18-03-17,"Valencia",24,"Alaves",16
18-03-18,"Barcelona",18,"Ath Bilbao",10
18-03-18,"Celta",9,"Malaga",5
18-03-18,"Leganes",12,"Sevilla",10
18-03-18,"Real Madrid",20,"Girona",10
18-03-18,"Villarreal",17,"Ath Madrid",8
18-03-31,"Ath Bilbao",11,"Celta",13
18-03-31,"Girona",12,"Levante",15
18-03-31,"Las Palmas",17,"Real Madrid",17
18-03-31,"Sevilla",21,"Barcelona",20
18-04-01,"Ath Madrid",15,"La Coruna",10
18-04-01,"Eibar",15,"Sociedad",7
18-04-01,"Espanol",12,"Alaves",13
18-04-01,"Leganes",8,"Valencia",3
18-04-01,"Malaga",13,"Villarreal",11
18-04-02,"Getafe",8,"Betis",7
18-04-06,"La Coruna",14,"Malaga",11
18-04-07,"Alaves",11,"Getafe",5
18-04-07,"Barcelona",12,"Leganes",11
18-04-07,"Betis",13,"Eibar",5
18-04-07,"Celta",12,"Sevilla",16
18-04-08,"Levante",11,"Las Palmas",17
18-04-08,"Real Madrid",30,"Ath Madrid",9
18-04-08,"Sociedad",13,"Girona",8
18-04-08,"Valencia",14,"Espanol",21
18-04-09,"Villarreal",7,"Ath Bilbao",17
18-04-13,"Girona",9,"Betis",10
18-04-14,"Ath Bilbao",13,"La Coruna",5
18-04-14,"Barcelona",12,"Valencia",17
18-04-14,"Las Palmas",7,"Sociedad",20
18-04-14,"Leganes",19,"Celta",5
18-04-14,"Sevilla",18,"Villarreal",7
18-04-15,"Ath Madrid",13,"Levante",11
18-04-15,"Eibar",21,"Alaves",2
18-04-15,"Getafe",13,"Espanol",5
18-04-15,"Malaga",13,"Real Madrid",16
18-04-17,"Celta",18,"Barcelona",14
18-04-17,"La Coruna",22,"Sevilla",24
18-04-17,"Villarreal",17,"Leganes",6
18-04-18,"Espanol",10,"Eibar",5
18-04-18,"Real Madrid",29,"Ath Bilbao",6
18-04-18,"Valencia",10,"Getafe",8
18-04-19,"Alaves",11,"Girona",14
18-04-19,"Betis",17,"Las Palmas",1
18-04-19,"Levante",11,"Malaga",10
18-04-19,"Sociedad",12,"Ath Madrid",9
18-04-20,"Leganes",13,"La Coruna",12
18-04-21,"Celta",10,"Valencia",17
18-04-21,"Eibar",12,"Getafe",7
18-04-22,"Ath Madrid",10,"Betis",10
18-04-22,"Girona",20,"Espanol",5
18-04-22,"Las Palmas",12,"Alaves",10
18-04-22,"Malaga",4,"Sociedad",14
18-04-23,"Ath Bilbao",18,"Levante",11
18-04-27,"Levante",15,"Sevilla",22
18-04-28,"Espanol",16,"Las Palmas",13
18-04-28,"Real Madrid",12,"Leganes",16
18-04-28,"Sociedad",17,"Ath Bilbao",9
18-04-28,"Villarreal",13,"Celta",15
18-04-29,"Alaves",7,"Ath Madrid",14
18-04-29,"Getafe",10,"Girona",15
18-04-29,"La Coruna",17,"Barcelona",21
18-04-29,"Valencia",16,"Eibar",8
18-04-30,"Betis",12,"Malaga",9
18-05-04,"Sevilla",16,"Sociedad",11
18-05-05,"Ath Bilbao",14,"Betis",6
18-05-05,"Celta",13,"La Coruna",11
18-05-05,"Girona",16,"Eibar",15
18-05-05,"Villarreal",13,"Valencia",6
18-05-06,"Ath Madrid",9,"Espanol",14
18-05-06,"Barcelona",11,"Real Madrid",17
18-05-06,"Las Palmas",21,"Getafe",8
18-05-06,"Malaga",16,"Alaves",13
18-05-07,"Leganes",13,"Levante",10
18-05-09,"Barcelona",12,"Villarreal",20
18-05-09,"Sevilla",14,"Real Madrid",14
18-05-12,"Alaves",4,"Ath Bilbao",13
18-05-12,"Betis",9,"Sevilla",13
18-05-12,"Eibar",10,"Las Palmas",8
18-05-12,"Getafe",11,"Ath Madrid",5
18-05-12,"Girona",16,"Valencia",10
18-05-12,"La Coruna",16,"Villarreal",11
18-05-12,"Real Madrid",15,"Celta",5
18-05-12,"Sociedad",11,"Leganes",9
18-05-13,"Espanol",19,"Malaga",9
18-05-13,"Levante",12,"Barcelona",18
18-05-19,"Celta",20,"Levante",7
18-05-19,"Las Palmas",13,"Girona",12
18-05-19,"Leganes",8,"Betis",16
18-05-19,"Malaga",6,"Getafe",11
18-05-19,"Sevilla",20,"Alaves",10
18-05-19,"Villarreal",14,"Real Madrid",15
18-05-20,"Ath Bilbao",12,"Espanol",11
18-05-20,"Ath Madrid",8,"Eibar",14
18-05-20,"Barcelona",12,"Sociedad",13
18-05-20,"Valencia",22,"La Coruna",12
2018-08-17,"Betis",22,"Levante",6
2018-08-17,"Girona",13,"Valladolid",2
2018-08-18,"Barcelona",25,"Alaves",3
2018-08-18,"Celta",12,"Espanol",14
2018-08-18,"Villarreal",16,"Sociedad",8
2018-08-19,"Eibar",18,"Huesca",8
2018-08-19,"Real Madrid",10,"Getafe",4
2018-08-19,"Vallecano",13,"Sevilla",17
2018-08-20,"Ath Bilbao",17,"Leganes",12
2018-08-20,"Valencia",13,"Ath Madrid",9
2018-08-24,"Getafe",7,"Eibar",9
2018-08-24,"Leganes",18,"Sociedad",7
2018-08-25,"Alaves",16,"Betis",13
2018-08-25,"Ath Madrid",9,"Vallecano",13
2018-08-25,"Valladolid",7,"Barcelona",10
2018-08-26,"Espanol",19,"Valencia",16
2018-08-26,"Girona",10,"Real Madrid",20
2018-08-26,"Sevilla",19,"Villarreal",14
2018-08-27,"Ath Bilbao",14,"Huesca",9
2018-08-27,"Levante",15,"Celta",21
2018-08-31,"Eibar",8,"Sociedad",7
2018-08-31,"Getafe",12,"Valladolid",7
2018-08-31,"Villarreal",13,"Girona",14
2018-09-01,"Celta",10,"Ath Madrid",9
2018-09-01,"Real Madrid",17,"Leganes",8
2018-09-02,"Alaves",8,"Espanol",11
2018-09-02,"Barcelona",31,"Huesca",7
2018-09-02,"Betis",11,"Sevilla",8
2018-09-02,"Levante",13,"Valencia",18
2018-09-14,"Huesca",14,"Vallecano",14
2018-09-15,"Ath Bilbao",11,"Real Madrid",16
2018-09-15,"Ath Madrid",18,"Eibar",12
2018-09-15,"Sociedad",8,"Barcelona",12
2018-09-15,"Valencia",12,"Betis",11
2018-09-16,"Espanol",22,"Levante",16
2018-09-16,"Leganes",16,"Villarreal",9
2018-09-16,"Sevilla",15,"Getafe",10
2018-09-16,"Valladolid",15,"Alaves",10
2018-09-17,"Girona",11,"Celta",20
2018-09-21,"Huesca",13,"Sociedad",7
2018-09-22,"Celta",12,"Valladolid",14
2018-09-22,"Eibar",14,"Leganes",4
2018-09-22,"Getafe",11,"Ath Madrid",7
2018-09-22,"Real Madrid",19,"Espanol",10
2018-09-22,"Vallecano",13,"Alaves",11
2018-09-23,"Barcelona",22,"Girona",7
2018-09-23,"Betis",15,"Ath Bilbao",7
2018-09-23,"Levante",19,"Sevilla",20
2018-09-23,"Villarreal",11,"Valencia",12
2018-09-25,"Ath Madrid",17,"Huesca",8
2018-09-25,"Espanol",9,"Eibar",8
2018-09-25,"Sociedad",16,"Vallecano",11
2018-09-26,"Ath Bilbao",12,"Villarreal",19
2018-09-26,"Leganes",10,"Barcelona",9
2018-09-26,"Sevilla",16,"Real Madrid",21
2018-09-26,"Valencia",14,"Celta",9
2018-09-27,"Alaves",15,"Getafe",13
2018-09-27,"Girona",8,"Betis",14
2018-09-27,"Valladolid",20,"Levante",9
2018-09-28,"Vallecano",11,"Espanol",12
2018-09-29,"Barcelona",20,"Ath Bilbao",8
2018-09-29,"Eibar",15,"Sevilla",7
2018-09-29,"Real Madrid",15,"Ath Madrid",8
2018-09-29,"Sociedad",10,"Valencia",9
2018-09-30,"Betis",17,"Leganes",11
2018-09-30,"Huesca",13,"Girona",14
2018-09-30,"Levante",14,"Alaves",14
2018-09-30,"Villarreal",27,"Valladolid",9
2018-10-01,"Celta",8,"Getafe",12
2018-10-05,"Ath Bilbao",13,"Sociedad",6
2018-10-06,"Alaves",8,"Real Madrid",13
2018-10-06,"Getafe",15,"Levante",12
2018-10-06,"Girona",10,"Eibar",12
2018-10-06,"Leganes",13,"Vallecano",6
2018-10-07,"Ath Madrid",13,"Betis",5
2018-10-07,"Espanol",28,"Villarreal",13
2018-10-07,"Sevilla",12,"Celta",13
2018-10-07,"Valencia",10,"Barcelona",10
2018-10-07,"Valladolid",9,"Huesca",11
2018-10-19,"Celta",19,"Alaves",9
2018-10-20,"Barcelona",23,"Sevilla",19
2018-10-20,"Real Madrid",34,"Levante",6
2018-10-20,"Valencia",18,"Leganes",7
2018-10-20,"Villarreal",18,"Ath Madrid",15
2018-10-21,"Betis",20,"Valladolid",6
2018-10-21,"Eibar",18,"Ath Bilbao",6
2018-10-21,"Huesca",10,"Espanol",6
2018-10-21,"Vallecano",10,"Getafe",5
2018-10-22,"Sociedad",14,"Girona",12
2018-10-24,"Vallecano",11,"Ath Bilbao",12
2018-10-26,"Valladolid",15,"Espanol",11
2018-10-27,"Ath Bilbao",13,"Valencia",11
2018-10-27,"Ath Madrid",14,"Sociedad",7
2018-10-27,"Celta",10,"Eibar",17
2018-10-27,"Girona",14,"Vallecano",14
2018-10-27,"Levante",9,"Leganes",21
2018-10-28,"Alaves",19,"Villarreal",9
2018-10-28,"Barcelona",13,"Real Madrid",15
2018-10-28,"Getafe",16,"Betis",7
2018-10-28,"Sevilla",15,"Huesca",11
2018-11-03,"Leganes",8,"Ath Madrid",9
2018-11-03,"Real Madrid",16,"Valladolid",12
2018-11-03,"Valencia",27,"Girona",5
2018-11-03,"Vallecano",11,"Barcelona",9
2018-11-04,"Betis",14,"Celta",14
2018-11-04,"Eibar",23,"Alaves",9
2018-11-04,"Huesca",18,"Getafe",8
2018-11-04,"Sociedad",10,"Sevilla",8
2018-11-04,"Villarreal",23,"Levante",13
2018-11-05,"Espanol",8,"Ath Bilbao",10
2018-11-09,"Levante",17,"Sociedad",15
2018-11-10,"Ath Madrid",9,"Ath Bilbao",6
2018-11-10,"Getafe",17,"Valencia",7
2018-11-10,"Girona",5,"Leganes",10
2018-11-10,"Valladolid",9,"Eibar",16
2018-11-11,"Alaves",13,"Huesca",9
2018-11-11,"Barcelona",20,"Betis",15
2018-11-11,"Celta",15,"Real Madrid",14
2018-11-11,"Sevilla",23,"Espanol",15
2018-11-11,"Vallecano",15,"Villarreal",11
2018-11-23,"Leganes",13,"Alaves",7
2018-11-24,"Ath Madrid",3,"Barcelona",8
2018-11-24,"Eibar",14,"Real Madrid",9
2018-11-24,"Huesca",32,"Levante",5
2018-11-24,"Valencia",13,"Vallecano",13
2018-11-25,"Ath Bilbao",8,"Getafe",15
2018-11-25,"Espanol",18,"Girona",16
2018-11-25,"Sevilla",17,"Valladolid",13
2018-11-25,"Villarreal",13,"Betis",13
2018-11-26,"Sociedad",15,"Celta",6
2018-11-30,"Vallecano",5,"Eibar",13
2018-12-01,"Celta",12,"Huesca",8
2018-12-01,"Getafe",14,"Espanol",8
2018-12-01,"Real Madrid",13,"Valencia",7
2018-12-01,"Valladolid",20,"Leganes",14
2018-12-02,"Alaves",11,"Sevilla",14
2018-12-02,"Barcelona",16,"Villarreal",12
2018-12-02,"Betis",6,"Sociedad",6
2018-12-02,"Girona",13,"Ath Madrid",17
2018-12-03,"Levante",17,"Ath Bilbao",12
2018-12-07,"Leganes",17,"Getafe",6
2018-12-08,"Ath Madrid",12,"Alaves",13
2018-12-08,"Espanol",15,"Barcelona",17
2018-12-08,"Valencia",16,"Sevilla",11
2018-12-08,"Villarreal",13,"Celta",14
2018-12-09,"Betis",8,"Vallecano",12
2018-12-09,"Eibar",32,"Levante",14
2018-12-09,"Huesca",11,"Real Madrid",5
2018-12-09,"Sociedad",23,"Valladolid",10
2018-12-10,"Ath Bilbao",25,"Girona",3
2018-12-14,"Celta",15,"Leganes",5
2018-12-15,"Eibar",18,"Valencia",11
2018-12-15,"Getafe",9,"Sociedad",9
2018-12-15,"Real Madrid",9,"Vallecano",11
2018-12-15,"Valladolid",8,"Ath Madrid",14
2018-12-16,"Espanol",10,"Betis",12
2018-12-16,"Huesca",30,"Villarreal",10
2018-12-16,"Levante",20,"Barcelona",16
2018-12-16,"Sevilla",17,"Girona",8
2018-12-17,"Alaves",11,"Ath Bilbao",6
2018-12-21,"Girona",12,"Getafe",5
2018-12-21,"Sociedad",18,"Alaves",9
2018-12-22,"Ath Bilbao",8,"Valladolid",5
2018-12-22,"Ath Madrid",8,"Espanol",18
2018-12-22,"Barcelona",9,"Celta",11
2018-12-22,"Betis",4,"Eibar",15
2018-12-23,"Leganes",13,"Sevilla",8
2018-12-23,"Valencia",19,"Huesca",11
2018-12-23,"Vallecano",18,"Levante",12
2019-01-03,"Villarreal",12,"Real Madrid",14
2019-01-04,"Espanol",12,"Leganes",10
2019-01-04,"Levante",19,"Girona",9
2019-01-05,"Alaves",14,"Valencia",14
2019-01-05,"Huesca",11,"Betis",7
2019-01-05,"Valladolid",12,"Vallecano",9
2019-01-06,"Eibar",24,"Villarreal",7
2019-01-06,"Getafe",10,"Barcelona",12
2019-01-06,"Real Madrid",28,"Sociedad",12
2019-01-06,"Sevilla",15,"Ath Madrid",12
2019-01-07,"Celta",17,"Ath Bilbao",8
2019-01-11,"Vallecano",11,"Celta",13
2019-01-12,"Girona",9,"Alaves",15
2019-01-12,"Leganes",14,"Huesca",9
2019-01-12,"Valencia",17,"Valladolid",6
2019-01-12,"Villarreal",17,"Getafe",9
2019-01-13,"Ath Bilbao",10,"Sevilla",10
2019-01-13,"Ath Madrid",19,"Levante",7
2019-01-13,"Barcelona",7,"Eibar",15
2019-01-13,"Betis",9,"Real Madrid",14
2019-01-14,"Sociedad",9,"Espanol",21
2019-01-18,"Getafe",12,"Alaves",6
2019-01-19,"Celta",12,"Valencia",13
2019-01-19,"Huesca",14,"Ath Madrid",15
2019-01-19,"Real Madrid",23,"Sevilla",4
2019-01-20,"Barcelona",15,"Leganes",5
2019-01-20,"Betis",12,"Girona",8
2019-01-20,"Levante",13,"Valladolid",13
2019-01-20,"Vallecano",11,"Sociedad",10
2019-01-20,"Villarreal",3,"Ath Bilbao",9
2019-01-21,"Eibar",16,"Espanol",6
2019-01-26,"Ath Madrid",10,"Getafe",6
2019-01-26,"Leganes",9,"Eibar",5
2019-01-26,"Sevilla",23,"Levante",7
2019-01-26,"Valencia",18,"Villarreal",14
2019-01-27,"Ath Bilbao",11,"Betis",8
2019-01-27,"Espanol",13,"Real Madrid",16
2019-01-27,"Girona",13,"Barcelona",15
2019-01-27,"Sociedad",8,"Huesca",8
2019-01-27,"Valladolid",19,"Celta",8
2019-01-28,"Alaves",16,"Vallecano",14
2019-02-01,"Huesca",11,"Valladolid",9
2019-02-02,"Barcelona",20,"Valencia",14
2019-02-02,"Celta",10,"Sevilla",13
2019-02-02,"Levante",8,"Getafe",9
2019-02-02,"Sociedad",6,"Ath Bilbao",8
2019-02-03,"Betis",7,"Ath Madrid",13
2019-02-03,"Eibar",17,"Girona",6
2019-02-03,"Real Madrid",22,"Alaves",8
2019-02-03,"Villarreal",14,"Espanol",17
2019-02-04,"Vallecano",15,"Leganes",13
2019-02-08,"Valladolid",9,"Villarreal",7
2019-02-09,"Ath Madrid",11,"Real Madrid",11
2019-02-09,"Espanol",15,"Vallecano",9
2019-02-09,"Getafe",12,"Celta",13
2019-02-09,"Girona",13,"Huesca",6
2019-02-10,"Ath Bilbao",13,"Barcelona",10
2019-02-10,"Leganes",16,"Betis",3
2019-02-10,"Sevilla",13,"Eibar",8
2019-02-10,"Valencia",10,"Sociedad",8
2019-02-11,"Alaves",16,"Levante",8
2019-02-15,"Eibar",11,"Getafe",7
2019-02-16,"Barcelona",20,"Valladolid",10
2019-02-16,"Celta",14,"Levante",14
2019-02-16,"Sociedad",15,"Leganes",8
2019-02-16,"Vallecano",12,"Ath Madrid",4
2019-02-17,"Betis",19,"Alaves",6
2019-02-17,"Real Madrid",19,"Girona",14
2019-02-17,"Valencia",21,"Espanol",6
2019-02-17,"Villarreal",12,"Sevilla",21
2019-02-18,"Huesca",12,"Ath Bilbao",9
2019-02-22,"Espanol",13,"Huesca",13
2019-02-23,"Alaves",17,"Celta",8
2019-02-23,"Ath Bilbao",9,"Eibar",7
2019-02-23,"Getafe",11,"Vallecano",7
2019-02-23,"Sevilla",13,"Barcelona",17
2019-02-24,"Ath Madrid",15,"Villarreal",14
2019-02-24,"Leganes",17,"Valencia",6
2019-02-24,"Levante",11,"Real Madrid",19
2019-02-24,"Valladolid",10,"Betis",6
2019-02-25,"Girona",10,"Sociedad",7
2019-03-01,"Vallecano",9,"Girona",12
2019-03-02,"Espanol",15,"Valladolid",14
2019-03-02,"Huesca",7,"Sevilla",12
2019-03-02,"Real Madrid",17,"Barcelona",10
2019-03-02,"Villarreal",9,"Alaves",10
2019-03-03,"Betis",6,"Getafe",11
2019-03-03,"Eibar",15,"Celta",3
2019-03-03,"Sociedad",19,"Ath Madrid",8
2019-03-03,"Valencia",11,"Ath Bilbao",4
2019-03-04,"Leganes",14,"Levante",15
2019-03-08,"Ath Bilbao",15,"Espanol",5
2019-03-09,"Alaves",16,"Eibar",20
2019-03-09,"Ath Madrid",13,"Leganes",3
2019-03-09,"Barcelona",12,"Vallecano",8
2019-03-09,"Getafe",14,"Huesca",8
2019-03-10,"Celta",7,"Betis",14
2019-03-10,"Girona",18,"Valencia",11
2019-03-10,"Levante",11,"Villarreal",13
2019-03-10,"Sevilla",22,"Sociedad",9
2019-03-10,"Valladolid",10,"Real Madrid",15
2019-03-15,"Sociedad",22,"Levante",8
2019-03-16,"Ath Bilbao",9,"Ath Madrid",9
2019-03-16,"Huesca",7,"Alaves",12
2019-03-16,"Leganes",12,"Girona",8
2019-03-16,"Real Madrid",22,"Celta",6
2019-03-17,"Betis",13,"Barcelona",16
2019-03-17,"Eibar",15,"Valladolid",8
2019-03-17,"Espanol",13,"Sevilla",12
2019-03-17,"Valencia",8,"Getafe",9
2019-03-17,"Villarreal",12,"Vallecano",7
2019-03-29,"Girona",6,"Ath Bilbao",8
2019-03-30,"Alaves",14,"Ath Madrid",11
2019-03-30,"Barcelona",13,"Espanol",4
2019-03-30,"Celta",15,"Villarreal",14
2019-03-30,"Getafe",9,"Leganes",7
2019-03-31,"Levante",7,"Eibar",17
2019-03-31,"Real Madrid",16,"Huesca",16
2019-03-31,"Sevilla",17,"Valencia",4
2019-03-31,"Valladolid",10,"Sociedad",10
2019-03-31,"Vallecano",20,"Betis",7
2019-04-02,"Ath Madrid",17,"Girona",12
2019-04-02,"Espanol",9,"Getafe",13
2019-04-02,"Villarreal",16,"Barcelona",15
2019-04-03,"Ath Bilbao",14,"Levante",11
2019-04-03,"Eibar",12,"Vallecano",13
2019-04-03,"Huesca",23,"Celta",11
2019-04-03,"Valencia",11,"Real Madrid",15
2019-04-04,"Leganes",18,"Valladolid",8
2019-04-04,"Sevilla",18,"Alaves",5
2019-04-04,"Sociedad",15,"Betis",11
2019-04-06,"Barcelona",21,"Ath Madrid",9
2019-04-06,"Girona",14,"Espanol",9
2019-04-06,"Real Madrid",13,"Eibar",3
2019-04-06,"Vallecano",15,"Valencia",12
2019-04-07,"Alaves",6,"Leganes",9
2019-04-07,"Betis",17,"Villarreal",10
2019-04-07,"Celta",11,"Sociedad",14
2019-04-07,"Getafe",6,"Ath Bilbao",9
2019-04-07,"Levante",14,"Huesca",17
2019-04-07,"Valladolid",10,"Sevilla",16
2019-04-13,"Ath Madrid",11,"Celta",10
2019-04-13,"Espanol",6,"Alaves",14
2019-04-13,"Huesca",6,"Barcelona",10
2019-04-13,"Sevilla",11,"Betis",12
2019-04-14,"Ath Bilbao",15,"Vallecano",8
2019-04-14,"Girona",14,"Villarreal",17
2019-04-14,"Sociedad",3,"Eibar",17
2019-04-14,"Valencia",23,"Levante",6
2019-04-14,"Valladolid",8,"Getafe",8
2019-04-15,"Leganes",5,"Real Madrid",13
2019-04-19,"Alaves",10,"Valladolid",12
2019-04-20,"Barcelona",11,"Sociedad",9
2019-04-20,"Celta",13,"Girona",9
2019-04-20,"Eibar",10,"Ath Madrid",8
2019-04-20,"Vallecano",16,"Huesca",10
2019-04-21,"Betis",23,"Valencia",4
2019-04-21,"Getafe",10,"Sevilla",12
2019-04-21,"Levante",19,"Espanol",14
2019-04-21,"Real Madrid",11,"Ath Bilbao",5
2019-04-21,"Villarreal",11,"Leganes",6
2019-04-23,"Alaves",6,"Barcelona",17
2019-04-23,"Huesca",12,"Eibar",7
2019-04-23,"Valladolid",13,"Girona",6
2019-04-24,"Ath Madrid",14,"Valencia",12
2019-04-24,"Espanol",9,"Celta",18
2019-04-24,"Leganes",14,"Ath Bilbao",3
2019-04-24,"Levante",6,"Betis",7
2019-04-25,"Getafe",9,"Real Madrid",12
2019-04-25,"Sevilla",20,"Vallecano",12
2019-04-25,"Sociedad",13,"Villarreal",8
2019-04-27,"Ath Bilbao",14,"Alaves",14
2019-04-27,"Ath Madrid",13,"Valladolid",13
2019-04-27,"Barcelona",23,"Levante",7
2019-04-27,"Leganes",10,"Celta",8
2019-04-28,"Girona",15,"Sevilla",7
2019-04-28,"Sociedad",11,"Getafe",12
2019-04-28,"Valencia",7,"Eibar",13
2019-04-28,"Vallecano",11,"Real Madrid",9
2019-04-28,"Villarreal",18,"Huesca",13
2019-04-29,"Betis",18,"Espanol",10
2019-05-03,"Sevilla",7,"Leganes",9
2019-05-04,"Alaves",17,"Sociedad",9
2019-05-04,"Celta",14,"Barcelona",8
2019-05-04,"Espanol",11,"Ath Madrid",11
2019-05-04,"Levante",12,"Vallecano",20
2019-05-05,"Eibar",14,"Betis",12
2019-05-05,"Getafe",13,"Girona",4
2019-05-05,"Huesca",24,"Valencia",10
2019-05-05,"Real Madrid",24,"Villarreal",15
2019-05-05,"Valladolid",10,"Ath Bilbao",9
2019-05-12,"Ath Bilbao",8,"Celta",3
2019-05-12,"Ath Madrid",11,"Sevilla",11
2019-05-12,"Barcelona",13,"Getafe",11
2019-05-12,"Betis",17,"Huesca",9
2019-05-12,"Girona",14,"Levante",6
2019-05-12,"Leganes",11,"Espanol",19
2019-05-12,"Sociedad",19,"Real Madrid",6
2019-05-12,"Valencia",10,"Alaves",10
2019-05-12,"Vallecano",16,"Valladolid",9
2019-05-12,"Villarreal",11,"Eibar",4
2019-05-18,"Alaves",14,"Girona",13
2019-05-18,"Celta",14,"Vallecano",11
2019-05-18,"Espanol",9,"Sociedad",11
2019-05-18,"Getafe",17,"Villarreal",8
2019-05-18,"Huesca",15,"Leganes",9
2019-05-18,"Levante",17,"Ath Madrid",17
2019-05-18,"Sevilla",9,"Ath Bilbao",9
2019-05-18,"Valladolid",19,"Valencia",9
2019-05-19,"Eibar",15,"Barcelona",6
2019-05-19,"Real Madrid",9,"Betis",9
2019-08-16,"Ath Bilbao",11,"Barcelona",11
2019-08-17,"Celta",7,"Real Madrid",17
2019-08-17,"Valencia",14,"Sociedad",12
2019-08-17,"Mallorca",16,"Eibar",11
2019-08-17,"Leganes",13,"Osasuna",4
2019-08-17,"Villarreal",12,"Granada",14
2019-08-18,"Alaves",9,"Levante",16
2019-08-18,"Espanol",7,"Sevilla",12
2019-08-18,"Betis",13,"Valladolid",14
2019-08-18,"Ath Madrid",5,"Getafe",6
2019-08-23,"Granada",12,"Sevilla",11
2019-08-23,"Levante",16,"Villarreal",23
2019-08-24,"Osasuna",6,"Eibar",12
2019-08-24,"Real Madrid",22,"Valladolid",9
2019-08-24,"Celta",11,"Valencia",9
2019-08-24,"Getafe",6,"Ath Bilbao",4
2019-08-25,"Alaves",10,"Espanol",5
2019-08-25,"Mallorca",12,"Sociedad",12
2019-08-25,"Leganes",10,"Ath Madrid",6
2019-08-25,"Barcelona",20,"Betis",4
2019-08-30,"Sevilla",19,"Celta",2
2019-08-30,"Ath Bilbao",15,"Sociedad",2
2019-08-31,"Osasuna",15,"Barcelona",8
2019-08-31,"Getafe",15,"Alaves",5
2019-08-31,"Levante",16,"Valladolid",15
2019-08-31,"Betis",17,"Leganes",19
2019-09-01,"Valencia",9,"Mallorca",12
2019-09-01,"Ath Madrid",7,"Eibar",6
2019-09-01,"Espanol",15,"Granada",14
2019-09-01,"Villarreal",10,"Real Madrid",17
2019-09-13,"Mallorca",10,"Ath Bilbao",11
2019-09-14,"Real Madrid",25,"Levante",8
2019-09-14,"Leganes",10,"Villarreal",8
2019-09-14,"Sociedad",14,"Ath Madrid",12
2019-09-14,"Barcelona",17,"Valencia",9
2019-09-15,"Eibar",11,"Espanol",7
2019-09-15,"Alaves",7,"Sevilla",19
2019-09-15,"Celta",4,"Granada",13
2019-09-15,"Valladolid",11,"Osasuna",17
2019-09-15,"Betis",7,"Getafe",12
2019-09-20,"Osasuna",12,"Betis",7
2019-09-21,"Villarreal",18,"Valladolid",7
2019-09-21,"Levante",13,"Eibar",18
2019-09-21,"Ath Madrid",20,"Celta",6
2019-09-21,"Granada",9,"Barcelona",8
2019-09-22,"Getafe",14,"Mallorca",7
2019-09-22,"Espanol",17,"Sociedad",10
2019-09-22,"Valencia",13,"Leganes",13
2019-09-22,"Ath Bilbao",13,"Alaves",5
2019-09-22,"Sevilla",9,"Real Madrid",7
2019-09-24,"Valladolid",9,"Granada",6
2019-09-24,"Betis",17,"Levante",17
2019-09-24,"Barcelona",8,"Villarreal",11
2019-09-25,"Leganes",7,"Ath Bilbao",9
2019-09-25,"Mallorca",9,"Ath Madrid",13
2019-09-25,"Valencia",8,"Getafe",18
2019-09-25,"Real Madrid",15,"Osasuna",4
2019-09-26,"Eibar",11,"Sevilla",7
2019-09-26,"Celta",14,"Espanol",10
2019-09-26,"Sociedad",21,"Alaves",5
2019-09-27,"Villarreal",17,"Betis",11
2019-09-28,"Ath Bilbao",14,"Valencia",10
2019-09-28,"Getafe",8,"Barcelona",10
2019-09-28,"Granada",11,"Leganes",15
2019-09-28,"Ath Madrid",7,"Real Madrid",14
2019-09-29,"Espanol",16,"Valladolid",9
2019-09-29,"Eibar",7,"Celta",3
2019-09-29,"Alaves",11,"Mallorca",5
2019-09-29,"Levante",10,"Osasuna",18
2019-09-29,"Sevilla",21,"Sociedad",5
2019-10-04,"Betis",12,"Eibar",8
2019-10-05,"Leganes",25,"Levante",9
2019-10-05,"Real Madrid",17,"Granada",8
2019-10-05,"Valencia",11,"Alaves",10
2019-10-05,"Osasuna",16,"Villarreal",16
2019-10-06,"Mallorca",9,"Espanol",11
2019-10-06,"Celta",13,"Ath Bilbao",6
2019-10-06,"Valladolid",5,"Ath Madrid",9
2019-10-06,"Sociedad",6,"Getafe",13
2019-10-06,"Barcelona",15,"Sevilla",16
2019-10-18,"Granada",6,"Osasuna",9
2019-10-19,"Eibar",5,"Barcelona",9
2019-10-19,"Ath Madrid",15,"Valencia",11
2019-10-19,"Getafe",5,"Leganes",7
2019-10-19,"Mallorca",5,"Real Madrid",13
2019-10-20,"Alaves",12,"Celta",14
2019-10-20,"Sociedad",18,"Betis",12
2019-10-20,"Espanol",18,"Villarreal",11
2019-10-20,"Ath Bilbao",19,"Valladolid",9
2019-10-20,"Sevilla",19,"Levante",12
2019-10-25,"Villarreal",19,"Alaves",12
2019-10-26,"Leganes",9,"Mallorca",9
2019-10-26,"Valladolid",8,"Eibar",13
2019-10-26,"Ath Madrid",9,"Ath Bilbao",9
2019-10-27,"Celta",9,"Sociedad",9
2019-10-27,"Granada",13,"Betis",12
2019-10-27,"Levante",7,"Espanol",14
2019-10-27,"Sevilla",15,"Getafe",9
2019-10-27,"Osasuna",21,"Valencia",2
2019-10-29,"Alaves",11,"Ath Madrid",9
2019-10-29,"Barcelona",18,"Valladolid",9
2019-10-30,"Sociedad",17,"Levante",13
2019-10-30,"Valencia",10,"Sevilla",10
2019-10-30,"Ath Bilbao",7,"Espanol",12
2019-10-30,"Betis",11,"Celta",18
2019-10-30,"Real Madrid",22,"Leganes",5
2019-10-31,"Eibar",25,"Villarreal",9
2019-10-31,"Mallorca",11,"Osasuna",12
2019-10-31,"Getafe",8,"Granada",10
2019-11-02,"Espanol",13,"Valencia",11
2019-11-02,"Levante",9,"Barcelona",9
2019-11-02,"Sevilla",11,"Ath Madrid",14
2019-11-02,"Real Madrid",22,"Betis",13
2019-11-03,"Valladolid",12,"Mallorca",14
2019-11-03,"Villarreal",11,"Ath Bilbao",12
2019-11-03,"Osasuna",19,"Alaves",11
2019-11-03,"Celta",6,"Getafe",9
2019-11-03,"Leganes",12,"Eibar",7
2019-11-03,"Granada",5,"Sociedad",9
2019-11-08,"Sociedad",11,"Leganes",6
2019-11-09,"Alaves",14,"Valladolid",7
2019-11-09,"Valencia",12,"Granada",13
2019-11-09,"Eibar",14,"Real Madrid",10
2019-11-09,"Barcelona",10,"Celta",6
2019-11-10,"Mallorca",5,"Villarreal",22
2019-11-10,"Ath Bilbao",23,"Levante",8
2019-11-10,"Ath Madrid",18,"Espanol",10
2019-11-10,"Getafe",14,"Osasuna",4
2019-11-10,"Betis",18,"Sevilla",10
2019-11-22,"Levante",13,"Mallorca",14
2019-11-23,"Leganes",9,"Barcelona",11
2019-11-23,"Betis",25,"Valencia",9
2019-11-23,"Granada",9,"Ath Madrid",17
2019-11-23,"Real Madrid",18,"Sociedad",11
2019-11-24,"Espanol",6,"Getafe",11
2019-11-24,"Osasuna",12,"Ath Bilbao",6
2019-11-24,"Eibar",18,"Alaves",7
2019-11-24,"Villarreal",15,"Celta",11
2019-11-24,"Valladolid",7,"Sevilla",4
2019-11-29,"Celta",13,"Valladolid",9
2019-11-30,"Alaves",8,"Real Madrid",12
2019-11-30,"Sociedad",15,"Eibar",10
2019-11-30,"Mallorca",16,"Betis",15
2019-11-30,"Valencia",13,"Villarreal",24
2019-12-01,"Sevilla",16,"Leganes",8
2019-12-01,"Ath Bilbao",14,"Granada",8
2019-12-01,"Espanol",12,"Osasuna",14
2019-12-01,"Getafe",13,"Levante",7
2019-12-01,"Ath Madrid",17,"Barcelona",13
2019-12-06,"Villarreal",23,"Ath Madrid",18
2019-12-07,"Real Madrid",18,"Espanol",6
2019-12-07,"Granada",13,"Alaves",5
2019-12-07,"Levante",17,"Valencia",10
2019-12-07,"Barcelona",25,"Mallorca",9
2019-12-08,"Eibar",6,"Getafe",6
2019-12-08,"Betis",10,"Ath Bilbao",8
2019-12-08,"Valladolid",4,"Sociedad",16
2019-12-08,"Leganes",15,"Celta",9
2019-12-08,"Osasuna",10,"Sevilla",13
2019-12-13,"Alaves",10,"Leganes",3
2019-12-14,"Granada",18,"Levante",13
2019-12-14,"Sociedad",19,"Barcelona",9
2019-12-14,"Ath Bilbao",8,"Eibar",8
2019-12-14,"Ath Madrid",19,"Osasuna",15
2019-12-15,"Getafe",7,"Valladolid",10
2019-12-15,"Celta",18,"Mallorca",8
2019-12-15,"Espanol",16,"Betis",10
2019-12-15,"Sevilla",24,"Villarreal",9
2019-12-15,"Valencia",9,"Real Madrid",19
2019-12-18,"Barcelona",9,"Real Madrid",17
2019-12-20,"Eibar",21,"Granada",12
2019-12-21,"Mallorca",8,"Sevilla",13
2019-12-21,"Barcelona",8,"Alaves",5
2019-12-21,"Villarreal",11,"Getafe",7
2019-12-21,"Valladolid",14,"Valencia",5
2019-12-22,"Leganes",11,"Espanol",9
2019-12-22,"Osasuna",19,"Sociedad",13
2019-12-22,"Betis",15,"Ath Madrid",8
2019-12-22,"Levante",13,"Celta",12
2019-12-22,"Real Madrid",20,"Ath Bilbao",8
2020-01-03,"Valladolid",14,"Leganes",12
2020-01-03,"Sevilla",9,"Ath Bilbao",6
2020-01-04,"Valencia",9,"Eibar",10
2020-01-04,"Getafe",15,"Real Madrid",10
2020-01-04,"Ath Madrid",17,"Levante",6
2020-01-04,"Espanol",8,"Barcelona",14
2020-01-05,"Granada",7,"Mallorca",17
2020-01-05,"Sociedad",10,"Villarreal",14
2020-01-05,"Alaves",6,"Betis",10
2020-01-05,"Celta",20,"Osasuna",8
2020-01-17,"Leganes",8,"Getafe",8
2020-01-18,"Levante",20,"Alaves",14
2020-01-18,"Real Madrid",13,"Sevilla",8
2020-01-18,"Osasuna",21,"Valladolid",5
2020-01-18,"Eibar",9,"Ath Madrid",12
2020-01-19,"Mallorca",13,"Valencia",8
2020-01-19,"Betis",14,"Sociedad",7
2020-01-19,"Villarreal",21,"Espanol",16
2020-01-19,"Ath Bilbao",22,"Celta",7
2020-01-19,"Barcelona",18,"Granada",5
2020-01-24,"Osasuna",15,"Levante",6
2020-01-25,"Espanol",9,"Ath Bilbao",11
2020-01-25,"Valencia",8,"Barcelona",14
2020-01-25,"Alaves",12,"Villarreal",11
2020-01-25,"Sevilla",12,"Granada",8
2020-01-26,"Ath Madrid",14,"Leganes",10
2020-01-26,"Celta",18,"Eibar",5
2020-01-26,"Getafe",7,"Betis",8
2020-01-26,"Sociedad",14,"Mallorca",8
2020-01-26,"Valladolid",4,"Real Madrid",12
2020-02-01,"Granada",8,"Espanol",22
2020-02-01,"Real Madrid",16,"Ath Madrid",4
2020-02-01,"Mallorca",16,"Valladolid",15
2020-02-01,"Valencia",9,"Celta",11
2020-02-02,"Leganes",12,"Sociedad",2
2020-02-02,"Eibar",8,"Betis",14
2020-02-02,"Ath Bilbao",8,"Getafe",9
2020-02-02,"Sevilla",14,"Alaves",4
2020-02-02,"Villarreal",9,"Osasuna",17
2020-02-02,"Barcelona",23,"Levante",10
2020-02-07,"Alaves",9,"Eibar",5
2020-02-08,"Levante",9,"Leganes",12
2020-02-08,"Getafe",22,"Valencia",5
2020-02-08,"Valladolid",8,"Villarreal",8
2020-02-08,"Ath Madrid",6,"Granada",10
2020-02-09,"Espanol",12,"Mallorca",7
2020-02-09,"Sociedad",14,"Ath Bilbao",6
2020-02-09,"Osasuna",14,"Real Madrid",17
2020-02-09,"Celta",13,"Sevilla",12
2020-02-09,"Betis",7,"Barcelona",10
2020-02-14,"Valencia",9,"Ath Madrid",8
2020-02-15,"Mallorca",14,"Alaves",10
2020-02-15,"Barcelona",12,"Getafe",7
2020-02-15,"Villarreal",14,"Levante",11
2020-02-15,"Granada",11,"Valladolid",6
2020-02-16,"Sevilla",18,"Espanol",5
2020-02-16,"Leganes",11,"Betis",3
2020-02-16,"Ath Bilbao",12,"Osasuna",6
2020-02-16,"Real Madrid",15,"Celta",5
2020-02-21,"Betis",19,"Mallorca",11
2020-02-22,"Celta",3,"Leganes",11
2020-02-22,"Barcelona",13,"Eibar",12
2020-02-22,"Sociedad",19,"Valencia",6
2020-02-22,"Levante",8,"Real Madrid",19
2020-02-23,"Osasuna",14,"Granada",10
2020-02-23,"Alaves",4,"Ath Bilbao",13
2020-02-23,"Valladolid",21,"Espanol",6
2020-02-23,"Getafe",10,"Sevilla",8
2020-02-23,"Ath Madrid",16,"Villarreal",10
2020-02-28,"Sociedad",13,"Valladolid",6
2020-02-29,"Eibar",13,"Levante",11
2020-02-29,"Valencia",10,"Betis",14
2020-02-29,"Leganes",19,"Alaves",8
2020-02-29,"Granada",14,"Celta",6
2020-03-01,"Sevilla",12,"Osasuna",14
2020-03-01,"Ath Bilbao",18,"Villarreal",10
2020-03-01,"Espanol",9,"Ath Madrid",5
2020-03-01,"Mallorca",4,"Getafe",9
2020-03-01,"Real Madrid",13,"Barcelona",9
2020-03-06,"Alaves",13,"Valencia",6
2020-03-07,"Eibar",13,"Mallorca",10
2020-03-07,"Ath Madrid",21,"Sevilla",12
2020-03-07,"Barcelona",13,"Sociedad",9
2020-03-07,"Getafe",19,"Celta",3
2020-03-08,"Osasuna",17,"Espanol",8
2020-03-08,"Valladolid",19,"Ath Bilbao",10
2020-03-08,"Levante",11,"Granada",10
2020-03-08,"Villarreal",15,"Leganes",12
2020-03-08,"Betis",14,"Real Madrid",13
2020-03-10,"Eibar",13,"Sociedad",6
2020-06-11,"Sevilla",13,"Betis",12
2020-06-12,"Granada",10,"Getafe",6
2020-06-12,"Valencia",12,"Levante",14
2020-06-13,"Espanol",19,"Alaves",1
2020-06-13,"Celta",4,"Villarreal",15
2020-06-13,"Leganes",11,"Valladolid",6
2020-06-13,"Mallorca",13,"Barcelona",12
2020-06-14,"Ath Bilbao",10,"Ath Madrid",9
2020-06-14,"Real Madrid",6,"Eibar",9
2020-06-14,"Sociedad",9,"Osasuna",8
2020-06-15,"Levante",11,"Sevilla",10
2020-06-15,"Betis",18,"Granada",8
2020-06-16,"Getafe",21,"Espanol",5
2020-06-16,"Villarreal",10,"Mallorca",15
2020-06-16,"Barcelona",10,"Leganes",6
2020-06-17,"Eibar",12,"Ath Bilbao",6
2020-06-17,"Valladolid",6,"Celta",11
2020-06-17,"Osasuna",13,"Ath Madrid",10
2020-06-18,"Alaves",15,"Sociedad",9
2020-06-18,"Real Madrid",19,"Valencia",4
2020-06-19,"Granada",14,"Villarreal",5
2020-06-19,"Mallorca",7,"Leganes",16
2020-06-19,"Sevilla",8,"Barcelona",10
2020-06-20,"Espanol",10,"Levante",14
2020-06-20,"Ath Bilbao",12,"Betis",9
2020-06-20,"Getafe",9,"Eibar",8
2020-06-20,"Ath Madrid",15,"Valladolid",6
2020-06-21,"Celta",15,"Alaves",4
2020-06-21,"Valencia",7,"Osasuna",13
2020-06-21,"Sociedad",10,"Real Madrid",10
2020-06-22,"Villarreal",7,"Sevilla",14
2020-06-22,"Leganes",9,"Granada",4
2020-06-23,"Levante",12,"Ath Madrid",12
2020-06-23,"Valladolid",6,"Getafe",15
2020-06-23,"Barcelona",18,"Ath Bilbao",6
2020-06-24,"Alaves",5,"Osasuna",7
2020-06-24,"Sociedad",13,"Celta",4
2020-06-24,"Real Madrid",14,"Mallorca",11
2020-06-25,"Eibar",14,"Valencia",7
2020-06-25,"Betis",13,"Espanol",9
2020-06-26,"Sevilla",15,"Valladolid",11
2020-06-27,"Ath Bilbao",12,"Mallorca",14
2020-06-27,"Celta",10,"Barcelona",18
2020-06-27,"Osasuna",6,"Leganes",21
2020-06-27,"Ath Madrid",14,"Alaves",6
2020-06-28,"Levante",9,"Betis",17
2020-06-28,"Villarreal",17,"Valencia",4
2020-06-28,"Granada",14,"Eibar",13
2020-06-28,"Espanol",8,"Real Madrid",14
2020-06-29,"Getafe",11,"Sociedad",5
2020-06-30,"Mallorca",9,"Celta",12
2020-06-30,"Leganes",9,"Sevilla",11
2020-06-30,"Barcelona",12,"Ath Madrid",10
2020-07-01,"Alaves",11,"Granada",7
2020-07-01,"Valencia",10,"Ath Bilbao",12
2020-07-01,"Betis",9,"Villarreal",15
2020-07-01,"Valladolid",15,"Levante",8
2020-07-02,"Eibar",11,"Osasuna",9
2020-07-02,"Sociedad",12,"Espanol",4
2020-07-02,"Real Madrid",8,"Getafe",10
2020-07-03,"Ath Madrid",15,"Mallorca",13
2020-07-04,"Celta",5,"Betis",10
2020-07-04,"Valladolid",5,"Alaves",7
2020-07-04,"Granada",17,"Valencia",4
2020-07-05,"Ath Bilbao",7,"Real Madrid",10
2020-07-05,"Espanol",7,"Leganes",4
2020-07-05,"Osasuna",6,"Getafe",6
2020-07-05,"Villarreal",11,"Barcelona",18
2020-07-06,"Levante",9,"Sociedad",8
2020-07-06,"Sevilla",8,"Eibar",19
2020-07-07,"Valencia",10,"Valladolid",11
2020-07-07,"Celta",9,"Ath Madrid",10
2020-07-08,"Betis",14,"Osasuna",8
2020-07-08,"Getafe",5,"Villarreal",6
2020-07-08,"Barcelona",9,"Espanol",11
2020-07-09,"Eibar",4,"Leganes",10
2020-07-09,"Mallorca",15,"Levante",14
2020-07-09,"Ath Bilbao",13,"Sevilla",20
2020-07-10,"Sociedad",19,"Granada",4
2020-07-10,"Real Madrid",18,"Alaves",10
2020-07-11,"Osasuna",15,"Celta",12
2020-07-11,"Valladolid",13,"Barcelona",9
2020-07-11,"Ath Madrid",9,"Betis",21
2020-07-12,"Espanol",14,"Eibar",11
2020-07-12,"Levante",5,"Ath Bilbao",12
2020-07-12,"Leganes",10,"Valencia",16
2020-07-12,"Sevilla",14,"Mallorca",14
2020-07-13,"Alaves",3,"Getafe",14
2020-07-13,"Villarreal",9,"Sociedad",11
2020-07-13,"Granada",13,"Real Madrid",11
2020-07-16,"Eibar",13,"Valladolid",17
2020-07-16,"Ath Bilbao",10,"Leganes",16
2020-07-16,"Barcelona",19,"Osasuna",9
2020-07-16,"Betis",14,"Alaves",9
2020-07-16,"Celta",16,"Levante",8
2020-07-16,"Getafe",15,"Ath Madrid",11
2020-07-16,"Mallorca",18,"Granada",14
2020-07-16,"Real Madrid",12,"Villarreal",8
2020-07-16,"Sociedad",11,"Sevilla",8
2020-07-16,"Valencia",9,"Espanol",18
2020-07-19,"Alaves",8,"Barcelona",16
2020-07-19,"Valladolid",13,"Betis",10
2020-07-19,"Villarreal",12,"Eibar",11
2020-07-19,"Ath Madrid",6,"Sociedad",10
2020-07-19,"Espanol",8,"Celta",9
2020-07-19,"Granada",11,"Ath Bilbao",11
2020-07-19,"Leganes",15,"Real Madrid",7
2020-07-19,"Levante",13,"Getafe",13
2020-07-19,"Osasuna",12,"Mallorca",12
2020-07-19,"Sevilla",16,"Valencia",8
